Date,EURO/USD_Value
9/30/2014,1.26856
9/29/2014,1.27103
9/26/2014,1.27777
9/25/2014,1.28405
9/24/2014,1.28558
9/23/2014,1.28396
9/22/2014,1.28496
9/19/2014,1.29076
9/18/2014,1.29486
9/17/2014,1.29468
9/16/2014,1.29517
9/15/2014,1.29471
9/12/2014,1.29244
9/11/2014,1.29161
9/10/2014,1.29126
9/9/2014,1.29441
9/8/2014,1.30011
9/5/2014,1.31006
9/4/2014,1.31332
9/3/2014,1.31265
9/2/2014,1.31318
9/1/2014,1.31543
8/29/2014,1.3187
8/28/2014,1.31844
8/27/2014,1.3196
8/26/2014,1.32157
8/25/2014,1.32506
8/22/2014,1.32765
8/21/2014,1.33149
8/20/2014,1.33585
8/19/2014,1.33891
8/18/2014,1.33885
8/15/2014,1.33682
8/14/2014,1.33663
8/13/2014,1.33764
8/12/2014,1.34007
8/11/2014,1.33971
8/8/2014,1.33701
8/7/2014,1.33783
8/6/2014,1.34075
8/5/2014,1.3426
8/4/2014,1.34176
8/1/2014,1.33947
7/31/2014,1.3379
7/30/2014,1.3401
7/29/2014,1.3429
7/28/2014,1.3433
7/25/2014,1.344
7/24/2014,1.3472
7/23/2014,1.3465
7/22/2014,1.3481
7/21/2014,1.3518
7/18/2014,1.3525
7/17/2014,1.3525
7/16/2014,1.3532
7/15/2014,1.3613
7/14/2014,1.3627
7/11/2014,1.3595
7/10/2014,1.3604
7/9/2014,1.3603
7/8/2014,1.3589
7/7/2014,1.3592
7/4/2014,1.3588
7/3/2014,1.3646
7/2/2014,1.3656
7/1/2014,1.3688
6/30/2014,1.3658
6/27/2014,1.362
6/26/2014,1.3606
6/25/2014,1.3615
6/24/2014,1.3618
6/23/2014,1.3596
6/20/2014,1.3588
6/19/2014,1.362
6/18/2014,1.3563
6/17/2014,1.3568
6/16/2014,1.3532
6/13/2014,1.3534
6/12/2014,1.3528
6/11/2014,1.3547
6/10/2014,1.3547
6/9/2014,1.3608
6/6/2014,1.3642
6/5/2014,1.3567
6/4/2014,1.3627
6/3/2014,1.3645
6/2/2014,1.3611
5/30/2014,1.3607
5/29/2014,1.3612
5/28/2014,1.3608
5/27/2014,1.3638
5/26/2014,1.3635
5/23/2014,1.363
5/22/2014,1.3668
5/21/2014,1.3676
5/20/2014,1.3702
5/19/2014,1.3715
5/16/2014,1.3696
5/15/2014,1.3659
5/14/2014,1.3719
5/13/2014,1.3703
5/12/2014,1.3765
5/9/2014,1.3781
5/8/2014,1.3953
5/7/2014,1.3927
5/6/2014,1.3945
5/5/2014,1.3874
5/2/2014,1.3862
4/30/2014,1.385
4/29/2014,1.3826
4/28/2014,1.3861
4/25/2014,1.3831
4/24/2014,1.382
4/23/2014,1.3834
4/22/2014,1.3817
4/17/2014,1.3855
4/16/2014,1.384
4/15/2014,1.3803
4/14/2014,1.3827
4/11/2014,1.3872
4/10/2014,1.3867
4/9/2014,1.3794
4/8/2014,1.3774
4/7/2014,1.3723
4/4/2014,1.37
4/3/2014,1.3771
4/2/2014,1.3795
4/1/2014,1.379
3/31/2014,1.3788
3/28/2014,1.3759
3/27/2014,1.3758
3/26/2014,1.3791
3/25/2014,1.3789
3/24/2014,1.3774
3/21/2014,1.378
3/20/2014,1.3762
3/19/2014,1.3913
3/18/2014,1.3902
3/17/2014,1.3906
3/14/2014,1.3884
3/13/2014,1.3942
3/12/2014,1.3887
3/11/2014,1.385
3/10/2014,1.3881
3/7/2014,1.3894
3/6/2014,1.3745
3/5/2014,1.3732
3/4/2014,1.3768
3/3/2014,1.3768
2/28/2014,1.3813
2/27/2014,1.3656
2/26/2014,1.3726
2/25/2014,1.3754
2/24/2014,1.3735
2/21/2014,1.3707
2/20/2014,1.3706
2/19/2014,1.3745
2/18/2014,1.3731
2/17/2014,1.3699
2/14/2014,1.3707
2/13/2014,1.3675
2/12/2014,1.3573
2/11/2014,1.3676
2/10/2014,1.3638
2/7/2014,1.3574
2/6/2014,1.3495
2/5/2014,1.3543
2/4/2014,1.3519
2/3/2014,1.3498
1/31/2014,1.3516
1/30/2014,1.3574
1/29/2014,1.3608
1/28/2014,1.3649
1/27/2014,1.3658
1/24/2014,1.3687
1/23/2014,1.3639
1/22/2014,1.3566
1/21/2014,1.3526
1/20/2014,1.3566
1/17/2014,1.3584
1/16/2014,1.3597
1/15/2014,1.3606
1/14/2014,1.3667
1/13/2014,1.3654
1/10/2014,1.3587
1/9/2014,1.3612
1/8/2014,1.3594
1/7/2014,1.3641
1/6/2014,1.3602
1/3/2014,1.3634
1/2/2014,1.3658
12/31/2013,1.3791
12/30/2013,1.3783
12/27/2013,1.3814
12/24/2013,1.3684
12/23/2013,1.3702
12/20/2013,1.3655
12/19/2013,1.3667
12/18/2013,1.3749
12/17/2013,1.3749
12/16/2013,1.3776
12/13/2013,1.3727
12/12/2013,1.3775
12/11/2013,1.3767
12/10/2013,1.375
12/9/2013,1.3722
12/6/2013,1.3661
12/5/2013,1.3594
12/4/2013,1.3592
12/3/2013,1.3578
12/2/2013,1.3536
11/29/2013,1.3611
11/28/2013,1.3592
11/27/2013,1.3596
11/26/2013,1.3547
11/25/2013,1.3514
11/22/2013,1.3518
11/21/2013,1.3472
11/20/2013,1.3527
11/19/2013,1.3502
11/18/2013,1.3517
11/15/2013,1.346
11/14/2013,1.3436
11/13/2013,1.3415
11/12/2013,1.3432
11/11/2013,1.3394
11/8/2013,1.3431
11/7/2013,1.3365
11/6/2013,1.3517
11/5/2013,1.3494
11/4/2013,1.3506
11/1/2013,1.3505
10/31/2013,1.3641
10/30/2013,1.3755
10/29/2013,1.3768
10/28/2013,1.3784
10/25/2013,1.3777
10/24/2013,1.3805
10/23/2013,1.3752
10/22/2013,1.3674
10/21/2013,1.3667
10/18/2013,1.3684
10/17/2013,1.3662
10/16/2013,1.3561
10/15/2013,1.3493
10/14/2013,1.3564
10/11/2013,1.3566
10/10/2013,1.3532
10/9/2013,1.3515
10/8/2013,1.3576
10/7/2013,1.3572
10/4/2013,1.3593
10/3/2013,1.3594
10/2/2013,1.3515
10/1/2013,1.3554
9/30/2013,1.3505
9/27/2013,1.3537
9/26/2013,1.3499
9/25/2013,1.3504
9/24/2013,1.3473
9/23/2013,1.3508
9/20/2013,1.3514
9/19/2013,1.3545
9/18/2013,1.3352
9/17/2013,1.3356
9/16/2013,1.3357
9/13/2013,1.3295
9/12/2013,1.329
9/11/2013,1.3268
9/10/2013,1.324
9/9/2013,1.3194
9/6/2013,1.3117
9/5/2013,1.3202
9/4/2013,1.3171
9/3/2013,1.3172
9/2/2013,1.3207
8/30/2013,1.3235
8/29/2013,1.3266
8/28/2013,1.3347
8/27/2013,1.3338
8/26/2013,1.3361
8/23/2013,1.3355
8/22/2013,1.3323
8/21/2013,1.3384
8/20/2013,1.3392
8/19/2013,1.3344
8/16/2013,1.334
8/15/2013,1.3297
8/14/2013,1.3243
8/13/2013,1.329
8/12/2013,1.328
8/9/2013,1.3373
8/8/2013,1.336
8/7/2013,1.3305
8/6/2013,1.328
8/5/2013,1.3257
8/2/2013,1.3203
8/1/2013,1.3236
7/31/2013,1.3275
7/30/2013,1.3284
7/29/2013,1.327
7/26/2013,1.326
7/25/2013,1.3202
7/24/2013,1.3246
7/23/2013,1.318
7/22/2013,1.3166
7/19/2013,1.3123
7/18/2013,1.3093
7/17/2013,1.3136
7/16/2013,1.3118
7/15/2013,1.3012
7/12/2013,1.3034
7/11/2013,1.3044
7/10/2013,1.2813
7/9/2013,1.2857
7/8/2013,1.285
7/5/2013,1.2883
7/4/2013,1.2984
7/3/2013,1.2959
7/2/2013,1.3017
7/1/2013,1.3037
6/28/2013,1.308
6/27/2013,1.3032
6/26/2013,1.3024
6/25/2013,1.3134
6/24/2013,1.3086
6/21/2013,1.318
6/20/2013,1.32
6/19/2013,1.3406
6/18/2013,1.3374
6/17/2013,1.3337
6/14/2013,1.3303
6/13/2013,1.3315
6/12/2013,1.3277
6/11/2013,1.3273
6/10/2013,1.3209
6/7/2013,1.326
6/6/2013,1.3118
6/5/2013,1.3067
6/4/2013,1.3092
6/3/2013,1.3008
5/31/2013,1.3006
5/30/2013,1.2944
5/29/2013,1.2952
5/28/2013,1.2938
5/27/2013,1.2939
5/24/2013,1.2939
5/23/2013,1.2888
5/22/2013,1.2923
5/21/2013,1.2866
5/20/2013,1.2853
5/17/2013,1.2869
5/16/2013,1.289
5/15/2013,1.2864
5/14/2013,1.2977
5/13/2013,1.2973
5/10/2013,1.2988
5/9/2013,1.3142
5/8/2013,1.3135
5/7/2013,1.3107
5/6/2013,1.3107
5/3/2013,1.3114
5/2/2013,1.3191
4/30/2013,1.3072
4/29/2013,1.3113
4/26/2013,1.2999
4/25/2013,1.308
4/24/2013,1.3006
4/23/2013,1.299
4/22/2013,1.3037
4/19/2013,1.3115
4/18/2013,1.3045
4/17/2013,1.3129
4/16/2013,1.3129
4/15/2013,1.3081
4/12/2013,1.3052
4/11/2013,1.3119
4/10/2013,1.3086
4/9/2013,1.304
4/8/2013,1.3023
4/5/2013,1.2944
4/4/2013,1.2818
4/3/2013,1.2828
4/2/2013,1.284
3/28/2013,1.2805
3/27/2013,1.2768
3/26/2013,1.2861
3/25/2013,1.2935
3/22/2013,1.2948
3/21/2013,1.291
3/20/2013,1.2945
3/19/2013,1.2944
3/18/2013,1.2929
3/15/2013,1.3086
3/14/2013,1.2937
3/13/2013,1.2981
3/12/2013,1.3053
3/11/2013,1.2994
3/8/2013,1.309
3/7/2013,1.301
3/6/2013,1.3035
3/5/2013,1.3034
3/4/2013,1.3007
3/1/2013,1.3
2/28/2013,1.3129
2/27/2013,1.3097
2/26/2013,1.3077
2/25/2013,1.3304
2/22/2013,1.3186
2/21/2013,1.3186
2/20/2013,1.337
2/19/2013,1.3349
2/18/2013,1.3352
2/15/2013,1.3325
2/14/2013,1.3327
2/13/2013,1.348
2/12/2013,1.3438
2/11/2013,1.3391
2/8/2013,1.3374
2/7/2013,1.3546
2/6/2013,1.3517
2/5/2013,1.3537
2/4/2013,1.3552
2/1/2013,1.3644
1/31/2013,1.355
1/30/2013,1.3541
1/29/2013,1.3433
1/28/2013,1.3444
1/25/2013,1.3469
1/24/2013,1.3349
1/23/2013,1.333
1/22/2013,1.3317
1/21/2013,1.3323
1/18/2013,1.3324
1/17/2013,1.3368
1/16/2013,1.3277
1/15/2013,1.3327
1/14/2013,1.3341
1/11/2013,1.3274
1/10/2013,1.3113
1/9/2013,1.3056
1/8/2013,1.3086
1/7/2013,1.3039
1/4/2013,1.3012
1/3/2013,1.3102
1/2/2013,1.3262
12/31/2012,1.3194
12/28/2012,1.3183
12/27/2012,1.3266
12/24/2012,1.3218
12/21/2012,1.3209
12/20/2012,1.3246
12/19/2012,1.3302
12/18/2012,1.3178
12/17/2012,1.316
12/14/2012,1.3081
12/13/2012,1.3077
12/12/2012,1.304
12/11/2012,1.2993
12/10/2012,1.293
12/7/2012,1.2905
12/6/2012,1.3072
12/5/2012,1.3065
12/4/2012,1.3092
12/3/2012,1.3057
11/30/2012,1.2986
11/29/2012,1.2994
11/28/2012,1.2891
11/27/2012,1.2961
11/26/2012,1.2964
11/23/2012,1.2909
11/22/2012,1.2893
11/21/2012,1.2805
11/20/2012,1.2809
11/19/2012,1.2762
11/16/2012,1.2745
11/15/2012,1.2756
11/14/2012,1.2726
11/13/2012,1.2696
11/12/2012,1.2735
11/9/2012,1.2694
11/8/2012,1.2736
11/7/2012,1.2746
11/6/2012,1.28
11/5/2012,1.2777
11/2/2012,1.285
11/1/2012,1.2975
10/31/2012,1.2993
10/30/2012,1.2962
10/29/2012,1.2898
10/26/2012,1.2908
10/25/2012,1.2993
10/24/2012,1.2942
10/23/2012,1.3005
10/22/2012,1.3063
10/19/2012,1.3035
10/18/2012,1.3118
10/17/2012,1.312
10/16/2012,1.3046
10/15/2012,1.2971
10/12/2012,1.297
10/11/2012,1.2918
10/10/2012,1.2889
10/9/2012,1.2953
10/8/2012,1.2958
10/5/2012,1.3002
10/4/2012,1.2951
10/3/2012,1.2904
10/2/2012,1.293
10/1/2012,1.2877
9/28/2012,1.293
9/27/2012,1.2874
9/26/2012,1.2845
9/25/2012,1.2932
9/24/2012,1.2916
9/21/2012,1.2988
9/20/2012,1.2954
9/19/2012,1.3002
9/18/2012,1.3054
9/17/2012,1.3086
9/14/2012,1.3095
9/13/2012,1.291
9/12/2012,1.2896
9/11/2012,1.2787
9/10/2012,1.2776
9/7/2012,1.2706
9/6/2012,1.2638
9/5/2012,1.2578
9/4/2012,1.2579
9/3/2012,1.2568
8/31/2012,1.2611
8/30/2012,1.2544
8/29/2012,1.2545
8/28/2012,1.2548
8/27/2012,1.253
8/24/2012,1.2507
8/23/2012,1.2552
8/22/2012,1.2448
8/21/2012,1.2428
8/20/2012,1.23
8/17/2012,1.2337
8/16/2012,1.2279
8/15/2012,1.2276
8/14/2012,1.2352
8/13/2012,1.2339
8/10/2012,1.2262
8/9/2012,1.2301
8/8/2012,1.2336
8/7/2012,1.2436
8/6/2012,1.2379
8/3/2012,1.2245
8/2/2012,1.2346
8/1/2012,1.2298
7/31/2012,1.2284
7/30/2012,1.2246
7/27/2012,1.2317
7/26/2012,1.226
7/25/2012,1.2134
7/24/2012,1.2089
7/23/2012,1.2105
7/20/2012,1.22
7/19/2012,1.2287
7/18/2012,1.2234
7/17/2012,1.2281
7/16/2012,1.2177
7/13/2012,1.2185
7/12/2012,1.2178
7/11/2012,1.226
7/10/2012,1.2285
7/9/2012,1.2293
7/6/2012,1.2377
7/5/2012,1.2426
7/4/2012,1.256
7/3/2012,1.2575
7/2/2012,1.2593
6/29/2012,1.259
6/28/2012,1.2418
6/27/2012,1.2478
6/26/2012,1.2475
6/25/2012,1.2488
6/22/2012,1.2539
6/21/2012,1.267
6/20/2012,1.2704
6/19/2012,1.2619
6/18/2012,1.2618
6/15/2012,1.2596
6/14/2012,1.2551
6/13/2012,1.2534
6/12/2012,1.2492
6/11/2012,1.2544
6/8/2012,1.2468
6/7/2012,1.2595
6/6/2012,1.2485
6/5/2012,1.2429
6/4/2012,1.2437
6/1/2012,1.2322
5/31/2012,1.2403
5/30/2012,1.2438
5/29/2012,1.2523
5/28/2012,1.2566
5/25/2012,1.2546
5/24/2012,1.2557
5/23/2012,1.2659
5/22/2012,1.2768
5/21/2012,1.275
5/18/2012,1.2721
5/17/2012,1.2682
5/16/2012,1.2738
5/15/2012,1.2843
5/14/2012,1.2863
5/11/2012,1.2944
5/10/2012,1.2961
5/9/2012,1.295
5/8/2012,1.3025
5/7/2012,1.3033
5/4/2012,1.3132
5/3/2012,1.3123
5/2/2012,1.3131
4/30/2012,1.3214
4/27/2012,1.3229
4/26/2012,1.3215
4/25/2012,1.3206
4/24/2012,1.3161
4/23/2012,1.3131
4/20/2012,1.3192
4/19/2012,1.3086
4/18/2012,1.3093
4/17/2012,1.3132
4/16/2012,1.3024
4/13/2012,1.3148
4/12/2012,1.3153
4/11/2012,1.3131
4/10/2012,1.3114
4/5/2012,1.3068
4/4/2012,1.3142
4/3/2012,1.3315
4/2/2012,1.3319
3/30/2012,1.3356
3/29/2012,1.3272
3/28/2012,1.3337
3/27/2012,1.3333
3/26/2012,1.3276
3/23/2012,1.3242
3/22/2012,1.3167
3/21/2012,1.3225
3/20/2012,1.3198
3/19/2012,1.315
3/16/2012,1.3116
3/15/2012,1.3057
3/14/2012,1.3062
3/13/2012,1.3057
3/12/2012,1.3119
3/9/2012,1.3191
3/8/2012,1.3242
3/7/2012,1.312
3/6/2012,1.3153
3/5/2012,1.322
3/2/2012,1.3217
3/1/2012,1.3312
2/29/2012,1.3443
2/28/2012,1.3454
2/27/2012,1.3388
2/24/2012,1.3412
2/23/2012,1.33
2/22/2012,1.323
2/21/2012,1.3222
2/20/2012,1.3266
2/17/2012,1.3159
2/16/2012,1.2982
2/15/2012,1.3092
2/14/2012,1.3169
2/13/2012,1.3254
2/10/2012,1.3189
2/9/2012,1.3288
2/8/2012,1.3274
2/7/2012,1.3113
2/6/2012,1.3042
2/3/2012,1.316
2/2/2012,1.3094
2/1/2012,1.3175
1/31/2012,1.3176
1/30/2012,1.311
1/27/2012,1.3145
1/26/2012,1.3145
1/25/2012,1.2942
1/24/2012,1.3003
1/23/2012,1.3017
1/20/2012,1.2902
1/19/2012,1.2911
1/18/2012,1.2831
1/17/2012,1.279
1/16/2012,1.2669
1/13/2012,1.2771
1/12/2012,1.2736
1/11/2012,1.2718
1/10/2012,1.2808
1/9/2012,1.2728
1/6/2012,1.2776
1/5/2012,1.2832
1/4/2012,1.2948
1/3/2012,1.3014
1/2/2012,1.2935
12/30/2011,1.2939
12/29/2011,1.2889
12/28/2011,1.3074
12/27/2011,1.3069
12/23/2011,1.3057
12/22/2011,1.3047
12/21/2011,1.3054
12/20/2011,1.3074
12/19/2011,1.3039
12/16/2011,1.3064
12/15/2011,1.3019
12/14/2011,1.2993
12/13/2011,1.3181
12/12/2011,1.3251
12/9/2011,1.3384
12/8/2011,1.341
12/7/2011,1.3377
12/6/2011,1.3394
12/5/2011,1.3442
12/2/2011,1.3511
12/1/2011,1.3492
11/30/2011,1.3418
11/29/2011,1.3336
11/28/2011,1.3348
11/25/2011,1.3229
11/24/2011,1.3373
11/23/2011,1.3387
11/22/2011,1.3535
11/21/2011,1.3458
11/18/2011,1.3576
11/17/2011,1.348
11/16/2011,1.3484
11/15/2011,1.3532
11/14/2011,1.3659
11/11/2011,1.365
11/10/2011,1.3616
11/9/2011,1.3633
11/8/2011,1.3788
11/7/2011,1.3742
11/4/2011,1.3773
11/3/2011,1.3773
11/2/2011,1.3809
11/1/2011,1.3627
10/31/2011,1.4001
10/28/2011,1.416
10/27/2011,1.4038
10/26/2011,1.3927
10/25/2011,1.3918
10/24/2011,1.3856
10/21/2011,1.3798
10/20/2011,1.3807
10/19/2011,1.3828
10/18/2011,1.3676
10/17/2011,1.3776
10/14/2011,1.3807
10/13/2011,1.3727
10/12/2011,1.3766
10/11/2011,1.3607
10/10/2011,1.3593
10/7/2011,1.3434
10/6/2011,1.3269
10/5/2011,1.3337
10/4/2011,1.3181
10/3/2011,1.3327
9/30/2011,1.3503
9/29/2011,1.3615
9/28/2011,1.3631
9/27/2011,1.3579
9/26/2011,1.35
9/23/2011,1.343
9/22/2011,1.3448
9/21/2011,1.3636
9/20/2011,1.371
9/19/2011,1.3641
9/16/2011,1.376
9/15/2011,1.3795
9/14/2011,1.3729
9/13/2011,1.3645
9/12/2011,1.3656
9/9/2011,1.3817
9/8/2011,1.4044
9/7/2011,1.4036
9/6/2011,1.4099
9/5/2011,1.4126
9/2/2011,1.4255
9/1/2011,1.4285
8/31/2011,1.445
8/30/2011,1.4402
8/29/2011,1.4487
8/26/2011,1.4402
8/25/2011,1.4424
8/24/2011,1.4433
8/23/2011,1.4462
8/22/2011,1.4413
8/19/2011,1.4385
8/18/2011,1.4369
8/17/2011,1.4477
8/16/2011,1.436
8/15/2011,1.4309
8/12/2011,1.425
8/11/2011,1.4143
8/10/2011,1.4367
8/9/2011,1.4267
8/8/2011,1.4225
8/5/2011,1.4155
8/4/2011,1.4229
8/3/2011,1.43
8/2/2011,1.417
8/1/2011,1.4415
7/29/2011,1.426
7/28/2011,1.426
7/27/2011,1.4446
7/26/2011,1.4471
7/25/2011,1.438
7/22/2011,1.4391
7/21/2011,1.4222
7/20/2011,1.4207
7/19/2011,1.416
7/18/2011,1.4045
7/15/2011,1.4146
7/14/2011,1.4202
7/13/2011,1.4073
7/12/2011,1.3975
7/11/2011,1.4056
7/8/2011,1.4242
7/7/2011,1.4247
7/6/2011,1.4318
7/5/2011,1.4461
7/4/2011,1.45
7/1/2011,1.4488
6/30/2011,1.4453
6/29/2011,1.4425
6/28/2011,1.4261
6/27/2011,1.4205
6/24/2011,1.422
6/23/2011,1.4212
6/22/2011,1.4397
6/21/2011,1.4373
6/20/2011,1.4235
6/17/2011,1.427
6/16/2011,1.4088
6/15/2011,1.4292
6/14/2011,1.4448
6/13/2011,1.4354
6/10/2011,1.4486
6/9/2011,1.4614
6/8/2011,1.4608
6/7/2011,1.4652
6/6/2011,1.4596
6/3/2011,1.4488
6/2/2011,1.446
6/1/2011,1.4408
5/31/2011,1.4385
5/30/2011,1.4272
5/27/2011,1.4265
5/26/2011,1.4168
5/25/2011,1.4069
5/24/2011,1.4089
5/23/2011,1.402
5/20/2011,1.4237
5/19/2011,1.4265
5/18/2011,1.4227
5/17/2011,1.4171
5/16/2011,1.4143
5/13/2011,1.428
5/12/2011,1.4153
5/11/2011,1.4357
5/10/2011,1.4358
5/9/2011,1.4397
5/6/2011,1.4501
5/5/2011,1.4814
5/4/2011,1.4882
5/3/2011,1.478
5/2/2011,1.4837
4/29/2011,1.486
4/28/2011,1.4794
4/27/2011,1.4668
4/26/2011,1.4617
4/21/2011,1.4584
4/20/2011,1.4515
4/19/2011,1.4302
4/18/2011,1.4275
4/15/2011,1.445
4/14/2011,1.4401
4/13/2011,1.4493
4/12/2011,1.447
4/11/2011,1.4434
4/8/2011,1.4401
4/7/2011,1.4283
4/6/2011,1.43
4/5/2011,1.4166
4/4/2011,1.424
4/1/2011,1.4141
3/31/2011,1.4207
3/30/2011,1.409
3/29/2011,1.4066
3/28/2011,1.4032
3/25/2011,1.4115
3/24/2011,1.4128
3/23/2011,1.4136
3/22/2011,1.4211
3/21/2011,1.4194
3/18/2011,1.413
3/17/2011,1.4004
3/16/2011,1.3951
3/15/2011,1.3884
3/14/2011,1.3948
3/11/2011,1.3773
3/10/2011,1.3817
3/9/2011,1.3928
3/8/2011,1.3898
3/7/2011,1.4028
3/4/2011,1.3957
3/3/2011,1.385
3/2/2011,1.3809
3/1/2011,1.3825
2/28/2011,1.3834
2/25/2011,1.3762
2/24/2011,1.3773
2/23/2011,1.3731
2/22/2011,1.3667
2/21/2011,1.3668
2/18/2011,1.3627
2/17/2011,1.356
2/16/2011,1.351
2/15/2011,1.351
2/14/2011,1.344
2/11/2011,1.3524
2/10/2011,1.3604
2/9/2011,1.3647
2/8/2011,1.3635
2/7/2011,1.3553
2/4/2011,1.3631
2/3/2011,1.3745
2/2/2011,1.3803
2/1/2011,1.3755
1/31/2011,1.3692
1/28/2011,1.371
1/27/2011,1.3716
1/26/2011,1.3681
1/25/2011,1.3596
1/24/2011,1.3571
1/21/2011,1.3521
1/20/2011,1.3472
1/19/2011,1.3506
1/18/2011,1.3371
1/17/2011,1.3311
1/14/2011,1.3349
1/13/2011,1.3199
1/12/2011,1.2973
1/11/2011,1.2948
1/10/2011,1.2903
1/7/2011,1.2961
1/6/2011,1.3091
1/5/2011,1.3213
1/4/2011,1.3421
1/3/2011,1.3348
12/31/2010,1.3362
12/30/2010,1.328
12/29/2010,1.3136
12/28/2010,1.3195
12/27/2010,1.3136
12/24/2010,1.3099
12/23/2010,1.3064
12/22/2010,1.3112
12/21/2010,1.3155
12/20/2010,1.3147
12/17/2010,1.326
12/16/2010,1.3238
12/15/2010,1.336
12/14/2010,1.3435
12/13/2010,1.3267
12/10/2010,1.3244
12/9/2010,1.3214
12/8/2010,1.32
12/7/2010,1.3363
12/6/2010,1.328
12/3/2010,1.3246
12/2/2010,1.3155
12/1/2010,1.3115
11/30/2010,1.2998
11/29/2010,1.3146
11/26/2010,1.3225
11/25/2010,1.3321
11/24/2010,1.3339
11/23/2010,1.3496
11/22/2010,1.3647
11/19/2010,1.3674
11/18/2010,1.3647
11/17/2010,1.3481
11/16/2010,1.3612
11/15/2010,1.3626
11/12/2010,1.3711
11/11/2010,1.37
11/10/2010,1.377
11/9/2010,1.3945
11/8/2010,1.3917
11/5/2010,1.4084
11/4/2010,1.4244
11/3/2010,1.4014
11/2/2010,1.4018
11/1/2010,1.3926
10/29/2010,1.3857
10/28/2010,1.3857
10/27/2010,1.3803
10/26/2010,1.3912
10/25/2010,1.4031
10/22/2010,1.3934
10/21/2010,1.4016
10/20/2010,1.3861
10/19/2010,1.3859
10/18/2010,1.3896
10/15/2010,1.4089
10/14/2010,1.4101
10/13/2010,1.3958
10/12/2010,1.3833
10/11/2010,1.3936
10/8/2010,1.3874
10/7/2010,1.397
10/6/2010,1.3856
10/5/2010,1.378
10/4/2010,1.3705
10/1/2010,1.3726
9/30/2010,1.3648
9/29/2010,1.3611
9/28/2010,1.346
9/27/2010,1.3477
9/24/2010,1.3412
9/23/2010,1.3323
9/22/2010,1.3364
9/21/2010,1.312
9/20/2010,1.3074
9/17/2010,1.306
9/16/2010,1.3078
9/15/2010,1.2989
9/14/2010,1.285
9/13/2010,1.2801
9/10/2010,1.2725
9/9/2010,1.2715
9/8/2010,1.2697
9/7/2010,1.2744
9/6/2010,1.2874
9/3/2010,1.2834
9/2/2010,1.2818
9/1/2010,1.28
8/31/2010,1.268
8/30/2010,1.27
8/27/2010,1.2713
8/26/2010,1.2693
8/25/2010,1.2613
8/24/2010,1.2611
8/23/2010,1.2704
8/20/2010,1.2711
8/19/2010,1.2836
8/18/2010,1.288
8/17/2010,1.286
8/16/2010,1.282
8/13/2010,1.2799
8/12/2010,1.279
8/11/2010,1.3016
8/10/2010,1.3133
8/9/2010,1.3253
8/6/2010,1.3176
8/5/2010,1.3184
8/4/2010,1.3206
8/3/2010,1.3221
8/2/2010,1.3073
7/30/2010,1.3028
7/29/2010,1.3069
7/28/2010,1.2992
7/27/2010,1.3033
7/26/2010,1.2931
7/23/2010,1.2897
7/22/2010,1.285
7/21/2010,1.2817
7/20/2010,1.2844
7/19/2010,1.2957
7/16/2010,1.3
7/15/2010,1.2828
7/14/2010,1.2703
7/13/2010,1.2569
7/12/2010,1.2572
7/9/2010,1.2637
7/8/2010,1.266
7/7/2010,1.2567
7/6/2010,1.2579
7/5/2010,1.2531
7/2/2010,1.2548
7/1/2010,1.2328
6/30/2010,1.2271
6/29/2010,1.2198
6/28/2010,1.2339
6/25/2010,1.2294
6/24/2010,1.2262
6/23/2010,1.2271
6/22/2010,1.2258
6/21/2010,1.2391
6/18/2010,1.2372
6/17/2010,1.2363
6/16/2010,1.2277
6/15/2010,1.2258
6/14/2010,1.2249
6/11/2010,1.2127
6/10/2010,1.2045
6/9/2010,1.201
6/8/2010,1.1942
6/7/2010,1.1959
6/4/2010,1.206
6/3/2010,1.2268
6/2/2010,1.2218
6/1/2010,1.2155
5/31/2010,1.2307
5/28/2010,1.2384
5/27/2010,1.2255
5/26/2010,1.2309
5/25/2010,1.2223
5/24/2010,1.236
5/21/2010,1.2497
5/20/2010,1.2334
5/19/2010,1.227
5/18/2010,1.2428
5/17/2010,1.2349
5/14/2010,1.2492
5/13/2010,1.2587
5/12/2010,1.2686
5/11/2010,1.2698
5/10/2010,1.2969
5/7/2010,1.2746
5/6/2010,1.2727
5/5/2010,1.2924
5/4/2010,1.3089
5/3/2010,1.3238
4/30/2010,1.3315
4/29/2010,1.3256
4/28/2010,1.3245
4/27/2010,1.329
4/26/2010,1.3321
4/23/2010,1.3311
4/22/2010,1.3339
4/21/2010,1.3373
4/20/2010,1.3486
4/19/2010,1.3432
4/16/2010,1.3535
4/15/2010,1.3544
4/14/2010,1.3615
4/13/2010,1.3583
4/12/2010,1.3585
4/9/2010,1.3384
4/8/2010,1.3296
4/7/2010,1.334
4/6/2010,1.3396
4/1/2010,1.3468
3/31/2010,1.3479
3/30/2010,1.3482
3/29/2010,1.3471
3/26/2010,1.3353
3/25/2010,1.3356
3/24/2010,1.3338
3/23/2010,1.3519
3/22/2010,1.3471
3/19/2010,1.3548
3/18/2010,1.366
3/17/2010,1.3756
3/16/2010,1.3723
3/15/2010,1.3705
3/12/2010,1.3765
3/11/2010,1.3657
3/10/2010,1.361
3/9/2010,1.3557
3/8/2010,1.3662
3/5/2010,1.3582
3/4/2010,1.3668
3/3/2010,1.3641
3/2/2010,1.3548
3/1/2010,1.3525
2/26/2010,1.357
2/25/2010,1.3489
2/24/2010,1.3547
2/23/2010,1.3577
2/22/2010,1.3626
2/19/2010,1.3519
2/18/2010,1.3567
2/17/2010,1.3726
2/16/2010,1.3649
2/15/2010,1.3607
2/12/2010,1.3572
2/11/2010,1.3718
2/10/2010,1.374
2/9/2010,1.376
2/8/2010,1.3675
2/5/2010,1.3691
2/4/2010,1.3847
2/3/2010,1.3984
2/2/2010,1.3937
2/1/2010,1.3913
1/29/2010,1.3966
1/28/2010,1.3999
1/27/2010,1.4072
1/26/2010,1.4085
1/25/2010,1.4151
1/22/2010,1.4135
1/21/2010,1.4064
1/20/2010,1.4132
1/19/2010,1.4279
1/18/2010,1.4369
1/15/2010,1.4374
1/14/2010,1.4486
1/13/2010,1.4563
1/12/2010,1.4481
1/11/2010,1.4528
1/8/2010,1.4273
1/7/2010,1.4304
1/6/2010,1.435
1/5/2010,1.4442
1/4/2010,1.4389
12/31/2009,1.4406
12/30/2009,1.4338
12/29/2009,1.4433
12/28/2009,1.4405
12/24/2009,1.4398
12/23/2009,1.4276
12/22/2009,1.4279
12/21/2009,1.4368
12/18/2009,1.4337
12/17/2009,1.4343
12/16/2009,1.456
12/15/2009,1.4541
12/14/2009,1.4647
12/11/2009,1.4757
12/10/2009,1.473
12/9/2009,1.4768
12/8/2009,1.4774
12/7/2009,1.4787
12/4/2009,1.5068
12/3/2009,1.512
12/2/2009,1.509
12/1/2009,1.5074
11/30/2009,1.5023
11/27/2009,1.4918
11/26/2009,1.5071
11/25/2009,1.5083
11/24/2009,1.4969
11/23/2009,1.4968
11/20/2009,1.4815
11/19/2009,1.4863
11/18/2009,1.4957
11/17/2009,1.4875
11/16/2009,1.4965
11/13/2009,1.4868
11/12/2009,1.4922
11/11/2009,1.5037
11/10/2009,1.4966
11/9/2009,1.4984
11/6/2009,1.4862
11/5/2009,1.4867
11/4/2009,1.4761
11/3/2009,1.4658
11/2/2009,1.4772
10/30/2009,1.48
10/29/2009,1.4788
10/28/2009,1.4785
10/27/2009,1.4874
10/26/2009,1.5019
10/23/2009,1.502
10/22/2009,1.5
10/21/2009,1.4921
10/20/2009,1.4971
10/19/2009,1.4918
10/16/2009,1.4869
10/15/2009,1.4864
10/14/2009,1.4881
10/13/2009,1.4864
10/12/2009,1.4765
10/9/2009,1.475
10/8/2009,1.4763
10/7/2009,1.4694
10/6/2009,1.4722
10/5/2009,1.4616
10/2/2009,1.4537
10/1/2009,1.4539
9/30/2009,1.4643
9/29/2009,1.4549
9/28/2009,1.465
9/25/2009,1.467
9/24/2009,1.4768
9/23/2009,1.4783
9/22/2009,1.478
9/21/2009,1.4658
9/18/2009,1.4705
9/17/2009,1.4712
9/16/2009,1.4671
9/15/2009,1.4611
9/14/2009,1.4561
9/11/2009,1.4594
9/10/2009,1.4545
9/9/2009,1.4522
9/8/2009,1.4473
9/7/2009,1.433
9/4/2009,1.4262
9/3/2009,1.4335
9/2/2009,1.422
9/1/2009,1.4314
8/31/2009,1.4272
8/28/2009,1.4364
8/27/2009,1.4268
8/26/2009,1.427
8/25/2009,1.4324
8/24/2009,1.4323
8/21/2009,1.433
8/20/2009,1.4243
8/19/2009,1.4112
8/18/2009,1.4101
8/17/2009,1.4072
8/14/2009,1.4294
8/13/2009,1.4293
8/12/2009,1.417
8/11/2009,1.4166
8/10/2009,1.4202
8/7/2009,1.4357
8/6/2009,1.437
8/5/2009,1.441
8/4/2009,1.4384
8/3/2009,1.4303
7/31/2009,1.4138
7/30/2009,1.4053
7/29/2009,1.4104
7/28/2009,1.4229
7/27/2009,1.4269
7/24/2009,1.4227
7/23/2009,1.4229
7/22/2009,1.4191
7/21/2009,1.4223
7/20/2009,1.4217
7/17/2009,1.409
7/16/2009,1.413
7/15/2009,1.4089
7/14/2009,1.3991
7/13/2009,1.3975
7/10/2009,1.3901
7/9/2009,1.399
7/8/2009,1.3901
7/7/2009,1.4019
7/6/2009,1.3897
7/3/2009,1.4009
7/2/2009,1.4049
7/1/2009,1.4096
6/30/2009,1.4134
6/29/2009,1.4058
6/26/2009,1.4096
6/25/2009,1.394
6/24/2009,1.4029
6/23/2009,1.3978
6/22/2009,1.3858
6/19/2009,1.3932
6/18/2009,1.392
6/17/2009,1.384
6/16/2009,1.389
6/15/2009,1.385
6/12/2009,1.4004
6/11/2009,1.3969
6/10/2009,1.4102
6/9/2009,1.3959
6/8/2009,1.3866
6/5/2009,1.4177
6/4/2009,1.4095
6/3/2009,1.4207
6/2/2009,1.4238
6/1/2009,1.422
5/29/2009,1.4098
5/28/2009,1.3856
5/27/2009,1.3901
5/26/2009,1.3908
5/25/2009,1.401
5/22/2009,1.3972
5/21/2009,1.3771
5/20/2009,1.369
5/19/2009,1.3612
5/18/2009,1.3494
5/15/2009,1.3518
5/14/2009,1.3563
5/13/2009,1.3623
5/12/2009,1.3683
5/11/2009,1.3574
5/8/2009,1.3425
5/7/2009,1.3363
5/6/2009,1.3322
5/5/2009,1.3403
5/4/2009,1.3223
4/30/2009,1.3275
4/29/2009,1.3266
4/28/2009,1.2992
4/27/2009,1.3125
4/24/2009,1.3232
4/23/2009,1.305
4/22/2009,1.2947
4/21/2009,1.2932
4/20/2009,1.2966
4/17/2009,1.3058
4/16/2009,1.3196
4/15/2009,1.3173
4/14/2009,1.3276
4/9/2009,1.3273
4/8/2009,1.3231
4/7/2009,1.3255
4/6/2009,1.3496
4/3/2009,1.3425
4/2/2009,1.3392
4/1/2009,1.3246
3/31/2009,1.3308
3/30/2009,1.3193
3/27/2009,1.3295
3/26/2009,1.3607
3/25/2009,1.3494
3/24/2009,1.3507
3/23/2009,1.3558
3/20/2009,1.3549
3/19/2009,1.3671
3/18/2009,1.313
3/17/2009,1.2942
3/16/2009,1.3042
3/13/2009,1.2905
3/12/2009,1.2782
3/11/2009,1.2786
3/10/2009,1.2783
3/9/2009,1.2565
3/6/2009,1.2658
3/5/2009,1.2555
3/4/2009,1.2555
3/3/2009,1.2615
3/2/2009,1.2596
2/27/2009,1.2644
2/26/2009,1.2782
2/25/2009,1.2795
2/24/2009,1.2763
2/23/2009,1.2798
2/20/2009,1.2591
2/19/2009,1.2705
2/18/2009,1.2596
2/17/2009,1.2634
2/16/2009,1.2765
2/13/2009,1.2823
2/12/2009,1.2833
2/11/2009,1.2938
2/10/2009,1.2967
2/9/2009,1.3008
2/6/2009,1.2796
2/5/2009,1.2829
2/4/2009,1.2818
2/3/2009,1.2849
2/2/2009,1.276
1/30/2009,1.2816
1/29/2009,1.3111
1/28/2009,1.326
1/27/2009,1.3174
1/26/2009,1.299
1/23/2009,1.2795
1/22/2009,1.2984
1/21/2009,1.291
1/20/2009,1.293
1/19/2009,1.3182
1/16/2009,1.327
1/15/2009,1.3085
1/14/2009,1.3173
1/13/2009,1.3262
1/12/2009,1.3394
1/9/2009,1.3684
1/8/2009,1.3617
1/7/2009,1.3595
1/6/2009,1.3332
1/5/2009,1.3582
1/2/2009,1.3866
12/31/2008,1.3917
12/30/2008,1.4098
12/29/2008,1.427
12/24/2008,1.4005
12/23/2008,1.3978
12/22/2008,1.397
12/19/2008,1.394
12/18/2008,1.4616
12/17/2008,1.4059
12/16/2008,1.369
12/15/2008,1.351
12/12/2008,1.334
12/11/2008,1.3215
12/10/2008,1.2925
12/9/2008,1.2838
12/8/2008,1.2854
12/5/2008,1.2665
12/4/2008,1.262
12/3/2008,1.2623
12/2/2008,1.2697
12/1/2008,1.2608
11/28/2008,1.2727
11/27/2008,1.29
11/26/2008,1.2935
11/25/2008,1.2811
11/24/2008,1.2773
11/21/2008,1.2602
11/20/2008,1.2542
11/19/2008,1.2634
11/18/2008,1.2653
11/17/2008,1.266
11/14/2008,1.2675
11/13/2008,1.2525
11/12/2008,1.253
11/11/2008,1.2747
11/10/2008,1.2891
11/7/2008,1.2756
11/6/2008,1.277
11/5/2008,1.287
11/4/2008,1.282
11/3/2008,1.2822
10/31/2008,1.2757
10/30/2008,1.3035
10/29/2008,1.277
10/28/2008,1.2526
10/27/2008,1.246
10/24/2008,1.2596
10/23/2008,1.281
10/22/2008,1.2843
10/21/2008,1.3184
10/20/2008,1.3424
10/17/2008,1.3404
10/16/2008,1.3507
10/15/2008,1.3625
10/14/2008,1.3752
10/13/2008,1.3639
10/10/2008,1.3579
10/9/2008,1.3682
10/8/2008,1.3731
10/7/2008,1.3632
10/6/2008,1.3634
10/3/2008,1.3834
10/2/2008,1.3903
10/1/2008,1.4081
9/30/2008,1.4303
9/29/2008,1.4349
9/26/2008,1.464
9/25/2008,1.47
9/24/2008,1.469
9/23/2008,1.4731
9/22/2008,1.4571
9/19/2008,1.4236
9/18/2008,1.4502
9/17/2008,1.4224
9/16/2008,1.4267
9/15/2008,1.4151
9/12/2008,1.4066
9/11/2008,1.3934
9/10/2008,1.4094
9/9/2008,1.4144
9/8/2008,1.4214
9/5/2008,1.4247
9/4/2008,1.4488
9/3/2008,1.4441
9/2/2008,1.4516
9/1/2008,1.4621
8/29/2008,1.4735
8/28/2008,1.4771
8/27/2008,1.4767
8/26/2008,1.4598
8/25/2008,1.4767
8/22/2008,1.4808
8/21/2008,1.4814
8/20/2008,1.4734
8/19/2008,1.4677
8/18/2008,1.4704
8/15/2008,1.4729
8/14/2008,1.4907
8/13/2008,1.4903
8/12/2008,1.4907
8/11/2008,1.5012
8/8/2008,1.5074
8/7/2008,1.5471
8/6/2008,1.5478
8/5/2008,1.5487
8/4/2008,1.5566
8/1/2008,1.5574
7/31/2008,1.5611
7/30/2008,1.5589
7/29/2008,1.5705
7/28/2008,1.5746
7/25/2008,1.5734
7/24/2008,1.5677
7/23/2008,1.5741
7/22/2008,1.5919
7/21/2008,1.5858
7/18/2008,1.5816
7/17/2008,1.5849
7/16/2008,1.5888
7/15/2008,1.599
7/14/2008,1.5847
7/11/2008,1.5835
7/10/2008,1.5708
7/9/2008,1.5715
7/8/2008,1.5687
7/7/2008,1.5651
7/4/2008,1.5671
7/3/2008,1.5885
7/2/2008,1.5806
7/1/2008,1.5775
6/30/2008,1.5764
6/27/2008,1.5748
6/26/2008,1.5731
6/25/2008,1.5599
6/24/2008,1.5568
6/23/2008,1.5521
6/20/2008,1.561
6/19/2008,1.5481
6/18/2008,1.5493
6/17/2008,1.5477
6/16/2008,1.5459
6/13/2008,1.5336
6/12/2008,1.5417
6/11/2008,1.5515
6/10/2008,1.5526
6/9/2008,1.5784
6/6/2008,1.5597
6/5/2008,1.5402
6/4/2008,1.5466
6/3/2008,1.5593
6/2/2008,1.5521
5/30/2008,1.5508
5/29/2008,1.5551
5/28/2008,1.5656
5/27/2008,1.576
5/26/2008,1.5761
5/23/2008,1.5742
5/22/2008,1.5755
5/21/2008,1.5753
5/20/2008,1.5639
5/19/2008,1.5577
5/16/2008,1.5498
5/15/2008,1.5474
5/14/2008,1.5439
5/13/2008,1.5473
5/12/2008,1.543
5/9/2008,1.5458
5/8/2008,1.5347
5/7/2008,1.543
5/6/2008,1.5528
5/5/2008,1.546
5/2/2008,1.5458
4/30/2008,1.554
4/29/2008,1.5571
4/28/2008,1.5628
4/25/2008,1.5596
4/24/2008,1.5769
4/23/2008,1.594
4/22/2008,1.5931
4/21/2008,1.5898
4/18/2008,1.578
4/17/2008,1.5872
4/16/2008,1.5928
4/15/2008,1.5828
4/14/2008,1.5869
4/11/2008,1.5833
4/10/2008,1.5875
4/9/2008,1.5726
4/8/2008,1.5694
4/7/2008,1.5693
4/4/2008,1.5722
4/3/2008,1.5526
4/2/2008,1.5632
4/1/2008,1.566
3/31/2008,1.5812
3/28/2008,1.5796
3/27/2008,1.5786
3/26/2008,1.571
3/25/2008,1.5569
3/20/2008,1.5423
3/19/2008,1.5692
3/18/2008,1.5771
3/17/2008,1.577
3/14/2008,1.5561
3/13/2008,1.5577
3/12/2008,1.5477
3/11/2008,1.5379
3/10/2008,1.534
3/7/2008,1.5417
3/6/2008,1.5319
3/5/2008,1.5196
3/4/2008,1.5206
3/3/2008,1.5203
2/29/2008,1.5167
2/28/2008,1.5121
2/27/2008,1.5044
2/26/2008,1.4874
2/25/2008,1.4817
2/22/2008,1.4848
2/21/2008,1.4736
2/20/2008,1.4656
2/19/2008,1.4742
2/18/2008,1.4636
2/15/2008,1.4674
2/14/2008,1.4626
2/13/2008,1.4586
2/12/2008,1.4538
2/11/2008,1.4542
2/8/2008,1.4513
2/7/2008,1.4569
2/6/2008,1.4621
2/5/2008,1.4688
2/4/2008,1.4829
2/1/2008,1.4889
1/31/2008,1.487
1/30/2008,1.481
1/29/2008,1.4773
1/28/2008,1.4755
1/25/2008,1.4705
1/24/2008,1.4663
1/23/2008,1.4574
1/22/2008,1.4494
1/21/2008,1.4482
1/18/2008,1.4674
1/17/2008,1.4691
1/16/2008,1.4792
1/15/2008,1.4886
1/14/2008,1.4895
1/11/2008,1.4792
1/10/2008,1.4662
1/9/2008,1.468
1/8/2008,1.4705
1/7/2008,1.4723
1/4/2008,1.4727
1/3/2008,1.4753
1/2/2008,1.4688
12/31/2007,1.4721
12/28/2007,1.4692
12/27/2007,1.4516
12/24/2007,1.4398
12/21/2007,1.438
12/20/2007,1.4349
12/19/2007,1.4385
12/18/2007,1.4416
12/17/2007,1.4393
12/14/2007,1.4509
12/13/2007,1.4683
12/12/2007,1.4675
12/11/2007,1.4672
12/10/2007,1.4718
12/7/2007,1.4649
12/6/2007,1.4554
12/5/2007,1.472
12/4/2007,1.4741
12/3/2007,1.4666
11/30/2007,1.4761
11/29/2007,1.4738
11/28/2007,1.4747
11/27/2007,1.4874
11/26/2007,1.4845
11/23/2007,1.4809
11/22/2007,1.4829
11/21/2007,1.4814
11/20/2007,1.4785
11/19/2007,1.4654
11/16/2007,1.4651
11/15/2007,1.4639
11/14/2007,1.47
11/13/2007,1.4607
11/12/2007,1.4579
11/9/2007,1.4683
11/8/2007,1.4666
11/7/2007,1.4722
11/6/2007,1.4547
11/5/2007,1.4488
11/2/2007,1.4479
11/1/2007,1.4423
10/31/2007,1.4447
10/30/2007,1.4407
10/29/2007,1.4391
10/26/2007,1.4384
10/25/2007,1.4309
10/24/2007,1.423
10/23/2007,1.4254
10/22/2007,1.4166
10/19/2007,1.4288
10/18/2007,1.4299
10/17/2007,1.42
10/16/2007,1.415
10/15/2007,1.4226
10/12/2007,1.4173
10/11/2007,1.4199
10/10/2007,1.4146
10/9/2007,1.4037
10/8/2007,1.4089
10/5/2007,1.4136
10/4/2007,1.4109
10/3/2007,1.4195
10/2/2007,1.4165
10/1/2007,1.4232
9/28/2007,1.4179
9/27/2007,1.418
9/26/2007,1.4127
9/25/2007,1.4106
9/24/2007,1.4113
9/21/2007,1.4049
9/20/2007,1.403
9/19/2007,1.3975
9/18/2007,1.3867
9/17/2007,1.3877
9/14/2007,1.386
9/13/2007,1.3897
9/12/2007,1.3885
9/11/2007,1.3824
9/10/2007,1.3795
9/7/2007,1.3696
9/6/2007,1.3669
9/5/2007,1.3588
9/4/2007,1.358
9/3/2007,1.3632
8/31/2007,1.3705
8/30/2007,1.361
8/29/2007,1.3631
8/28/2007,1.3664
8/27/2007,1.3658
8/24/2007,1.3615
8/23/2007,1.3574
8/22/2007,1.3493
8/21/2007,1.3508
8/20/2007,1.3476
8/17/2007,1.3454
8/16/2007,1.3405
8/15/2007,1.3476
8/14/2007,1.3591
8/13/2007,1.3651
8/10/2007,1.365
8/9/2007,1.3729
8/8/2007,1.3794
8/7/2007,1.3794
8/6/2007,1.3818
8/3/2007,1.3694
8/2/2007,1.3664
8/1/2007,1.3663
7/31/2007,1.3707
7/30/2007,1.3659
7/27/2007,1.3651
7/26/2007,1.3722
7/25/2007,1.3743
7/24/2007,1.3833
7/23/2007,1.3821
7/20/2007,1.3803
7/19/2007,1.382
7/18/2007,1.3779
7/17/2007,1.3771
7/16/2007,1.3781
7/13/2007,1.3782
7/12/2007,1.3788
7/11/2007,1.3753
7/10/2007,1.3666
7/9/2007,1.3621
7/6/2007,1.3596
7/5/2007,1.364
7/4/2007,1.3618
7/3/2007,1.3601
7/2/2007,1.3588
6/29/2007,1.3505
6/28/2007,1.3467
6/27/2007,1.3438
6/26/2007,1.346
6/25/2007,1.3461
6/22/2007,1.3441
6/21/2007,1.3397
6/20/2007,1.3427
6/19/2007,1.3403
6/18/2007,1.3404
6/15/2007,1.3314
6/14/2007,1.3304
6/13/2007,1.3287
6/12/2007,1.3345
6/11/2007,1.3355
6/8/2007,1.3349
6/7/2007,1.347
6/6/2007,1.3513
6/5/2007,1.3532
6/4/2007,1.3482
6/1/2007,1.3436
5/31/2007,1.3453
5/30/2007,1.342
5/29/2007,1.3509
5/28/2007,1.3453
5/25/2007,1.3441
5/24/2007,1.3448
5/23/2007,1.349
5/22/2007,1.3454
5/21/2007,1.3444
5/18/2007,1.3477
5/17/2007,1.3516
5/16/2007,1.3574
5/15/2007,1.3538
5/14/2007,1.3549
5/11/2007,1.3486
5/10/2007,1.3527
5/9/2007,1.3535
5/8/2007,1.3558
5/7/2007,1.3615
5/4/2007,1.3561
5/3/2007,1.3613
5/2/2007,1.3588
4/30/2007,1.3605
4/27/2007,1.3643
4/26/2007,1.3596
4/25/2007,1.3649
4/24/2007,1.3582
4/23/2007,1.3557
4/20/2007,1.3606
4/19/2007,1.3601
4/18/2007,1.3577
4/17/2007,1.3549
4/16/2007,1.355
4/13/2007,1.3532
4/12/2007,1.3467
4/11/2007,1.3418
4/10/2007,1.3426
4/5/2007,1.3373
4/4/2007,1.3352
4/3/2007,1.3358
4/2/2007,1.3366
3/30/2007,1.3318
3/29/2007,1.3352
3/28/2007,1.3348
3/27/2007,1.3347
3/26/2007,1.3265
3/23/2007,1.3327
3/22/2007,1.3351
3/21/2007,1.3293
3/20/2007,1.3296
3/19/2007,1.3303
3/16/2007,1.3325
3/15/2007,1.3226
3/14/2007,1.3183
3/13/2007,1.3218
3/12/2007,1.3156
3/9/2007,1.3155
3/8/2007,1.3152
3/7/2007,1.3135
3/6/2007,1.31
3/5/2007,1.3083
3/2/2007,1.3163
3/1/2007,1.3225
2/28/2007,1.3211
2/27/2007,1.323
2/26/2007,1.316
2/23/2007,1.3134
2/22/2007,1.3106
2/21/2007,1.3145
2/20/2007,1.3145
2/19/2007,1.3132
2/16/2007,1.3119
2/15/2007,1.3137
2/14/2007,1.3082
2/13/2007,1.3022
2/12/2007,1.2956
2/9/2007,1.3007
2/8/2007,1.2991
2/7/2007,1.2987
2/6/2007,1.2955
2/5/2007,1.2925
2/2/2007,1.302
2/1/2007,1.302
1/31/2007,1.2954
1/30/2007,1.2972
1/29/2007,1.2921
1/26/2007,1.2901
1/25/2007,1.2978
1/24/2007,1.3005
1/23/2007,1.304
1/22/2007,1.2936
1/19/2007,1.2958
1/18/2007,1.2922
1/17/2007,1.2909
1/16/2007,1.2953
1/15/2007,1.2941
1/12/2007,1.2893
1/11/2007,1.2984
1/10/2007,1.2988
1/9/2007,1.3018
1/8/2007,1.3006
1/5/2007,1.3084
1/4/2007,1.3106
1/3/2007,1.3231
1/2/2007,1.327
12/29/2006,1.317
12/28/2006,1.3173
12/27/2006,1.3159
12/22/2006,1.3192
12/21/2006,1.3178
12/20/2006,1.3203
12/19/2006,1.3158
12/18/2006,1.3095
12/15/2006,1.3106
12/14/2006,1.3192
12/13/2006,1.3265
12/12/2006,1.3244
12/11/2006,1.3177
12/8/2006,1.3276
12/7/2006,1.3297
12/6/2006,1.3274
12/5/2006,1.3331
12/4/2006,1.3309
12/1/2006,1.3244
11/30/2006,1.32
11/29/2006,1.3157
11/28/2006,1.3147
11/27/2006,1.3114
11/24/2006,1.3078
11/23/2006,1.2953
11/22/2006,1.2886
11/21/2006,1.2814
11/20/2006,1.2841
11/17/2006,1.2774
11/16/2006,1.2804
11/15/2006,1.2792
11/14/2006,1.2824
11/13/2006,1.283
11/10/2006,1.2864
11/9/2006,1.2796
11/8/2006,1.2776
11/7/2006,1.2755
11/6/2006,1.2702
11/3/2006,1.276
11/2/2006,1.2767
11/1/2006,1.2757
10/31/2006,1.2696
10/30/2006,1.2717
10/27/2006,1.2683
10/26/2006,1.2653
10/25/2006,1.258
10/24/2006,1.2541
10/23/2006,1.2556
10/20/2006,1.2618
10/19/2006,1.2561
10/18/2006,1.2543
10/17/2006,1.2524
10/16/2006,1.2515
10/13/2006,1.255
10/12/2006,1.2531
10/11/2006,1.2543
10/10/2006,1.2538
10/9/2006,1.2603
10/6/2006,1.2664
10/5/2006,1.2721
10/4/2006,1.2684
10/3/2006,1.2737
10/2/2006,1.2685
9/29/2006,1.266
9/28/2006,1.2713
9/27/2006,1.2684
9/26/2006,1.2695
9/25/2006,1.2768
9/22/2006,1.2817
9/21/2006,1.2731
9/20/2006,1.2676
9/19/2006,1.2654
9/18/2006,1.2665
9/15/2006,1.2675
9/14/2006,1.2723
9/13/2006,1.2677
9/12/2006,1.2709
9/11/2006,1.2713
9/8/2006,1.2713
9/7/2006,1.2731
9/6/2006,1.2793
9/5/2006,1.281
9/4/2006,1.2852
9/1/2006,1.2817
8/31/2006,1.2851
8/30/2006,1.2818
8/29/2006,1.2808
8/28/2006,1.28
8/25/2006,1.2762
8/24/2006,1.2831
8/23/2006,1.2812
8/22/2006,1.2812
8/21/2006,1.2919
8/18/2006,1.2802
8/17/2006,1.2879
8/16/2006,1.2793
8/15/2006,1.2725
8/14/2006,1.2718
8/11/2006,1.2775
8/10/2006,1.2857
8/9/2006,1.2879
8/8/2006,1.2839
8/7/2006,1.285
8/4/2006,1.2792
8/3/2006,1.2781
8/2/2006,1.2798
8/1/2006,1.2759
7/31/2006,1.2767
7/28/2006,1.2664
7/27/2006,1.2737
7/26/2006,1.2587
7/25/2006,1.2636
7/24/2006,1.2633
7/21/2006,1.268
7/20/2006,1.2643
7/19/2006,1.2482
7/18/2006,1.2531
7/17/2006,1.2541
7/14/2006,1.2666
7/13/2006,1.2692
7/12/2006,1.2722
7/11/2006,1.2736
7/10/2006,1.2752
7/7/2006,1.2778
7/6/2006,1.2735
7/5/2006,1.2794
7/4/2006,1.2791
7/3/2006,1.279
6/30/2006,1.2713
6/29/2006,1.2529
6/28/2006,1.257
6/27/2006,1.2567
6/26/2006,1.2561
6/23/2006,1.2502
6/22/2006,1.2582
6/21/2006,1.2632
6/20/2006,1.2546
6/19/2006,1.2591
6/16/2006,1.2651
6/15/2006,1.261
6/14/2006,1.2563
6/13/2006,1.2571
6/12/2006,1.2572
6/9/2006,1.2659
6/8/2006,1.2735
6/7/2006,1.2789
6/6/2006,1.2847
6/5/2006,1.2958
6/2/2006,1.2815
6/1/2006,1.2736
5/31/2006,1.2868
5/30/2006,1.2839
5/29/2006,1.2758
5/26/2006,1.2797
5/25/2006,1.2755
5/24/2006,1.2851
5/23/2006,1.2841
5/22/2006,1.2753
5/19/2006,1.2767
5/18/2006,1.277
5/17/2006,1.2882
5/16/2006,1.2817
5/15/2006,1.2826
5/12/2006,1.2914
5/11/2006,1.2716
5/10/2006,1.2779
5/9/2006,1.2697
5/8/2006,1.2756
5/5/2006,1.2688
5/4/2006,1.2592
5/3/2006,1.2622
5/2/2006,1.2643
4/28/2006,1.2537
4/27/2006,1.2414
4/26/2006,1.2425
4/25/2006,1.2425
4/24/2006,1.2365
4/21/2006,1.2315
4/20/2006,1.2346
4/19/2006,1.2346
4/18/2006,1.2252
4/13/2006,1.2094
4/12/2006,1.2125
4/11/2006,1.2105
4/10/2006,1.2099
4/7/2006,1.2179
4/6/2006,1.2312
4/5/2006,1.2262
4/4/2006,1.2217
4/3/2006,1.2063
3/31/2006,1.2104
3/30/2006,1.2096
3/29/2006,1.2012
3/28/2006,1.2084
3/27/2006,1.2025
3/24/2006,1.1969
3/23/2006,1.2055
3/22/2006,1.2069
3/21/2006,1.2144
3/20/2006,1.2174
3/17/2006,1.2185
3/16/2006,1.2069
3/15/2006,1.2026
3/14/2006,1.1948
3/13/2006,1.1922
3/10/2006,1.1919
3/9/2006,1.192
3/8/2006,1.1914
3/7/2006,1.1913
3/6/2006,1.2017
3/3/2006,1.202
3/2/2006,1.1921
3/1/2006,1.1954
2/28/2006,1.1875
2/27/2006,1.1852
2/24/2006,1.1896
2/23/2006,1.1957
2/22/2006,1.1875
2/21/2006,1.1906
2/20/2006,1.1932
2/17/2006,1.1863
2/16/2006,1.1858
2/15/2006,1.1904
2/14/2006,1.1898
2/13/2006,1.1888
2/10/2006,1.197
2/9/2006,1.1972
2/8/2006,1.1948
2/7/2006,1.1973
2/6/2006,1.1981
2/3/2006,1.2061
2/2/2006,1.2066
2/1/2006,1.2092
1/31/2006,1.2118
1/30/2006,1.2082
1/27/2006,1.2172
1/26/2006,1.2254
1/25/2006,1.2294
1/24/2006,1.2272
1/23/2006,1.2277
1/20/2006,1.2068
1/19/2006,1.2073
1/18/2006,1.2125
1/17/2006,1.2075
1/16/2006,1.2112
1/13/2006,1.2039
1/12/2006,1.2113
1/11/2006,1.2088
1/10/2006,1.2064
1/9/2006,1.2078
1/6/2006,1.2093
1/5/2006,1.2088
1/4/2006,1.2083
1/3/2006,1.1875
1/2/2006,1.1826
12/30/2005,1.1797
12/29/2005,1.1825
12/28/2005,1.1916
12/27/2005,1.1852
12/23/2005,1.1859
12/22/2005,1.1822
12/21/2005,1.1872
12/20/2005,1.1955
12/19/2005,1.1977
12/16/2005,1.1983
12/15/2005,1.1999
12/14/2005,1.202
12/13/2005,1.1925
12/12/2005,1.1925
12/9/2005,1.1785
12/8/2005,1.1764
12/7/2005,1.171
12/6/2005,1.1783
12/5/2005,1.1767
12/2/2005,1.1697
12/1/2005,1.1745
11/30/2005,1.1769
11/29/2005,1.1793
11/28/2005,1.1726
11/25/2005,1.1763
11/24/2005,1.1783
11/23/2005,1.1776
11/22/2005,1.1701
11/21/2005,1.1811
11/18/2005,1.1679
11/17/2005,1.1692
11/16/2005,1.1677
11/15/2005,1.1667
11/14/2005,1.1713
11/11/2005,1.1697
11/10/2005,1.1762
11/9/2005,1.1738
11/8/2005,1.1741
11/7/2005,1.1824
11/4/2005,1.1933
11/3/2005,1.2041
11/2/2005,1.1992
11/1/2005,1.2008
10/31/2005,1.2023
10/28/2005,1.2138
10/27/2005,1.213
10/26/2005,1.2059
10/25/2005,1.2017
10/24/2005,1.1944
10/21/2005,1.2012
10/20/2005,1.1953
10/19/2005,1.195
10/18/2005,1.1937
10/17/2005,1.2022
10/14/2005,1.1999
10/13/2005,1.198
10/12/2005,1.2008
10/11/2005,1.2022
10/10/2005,1.2088
10/7/2005,1.2144
10/6/2005,1.2061
10/5/2005,1.1947
10/4/2005,1.1938
10/3/2005,1.1933
9/30/2005,1.2042
9/29/2005,1.2063
9/28/2005,1.2037
9/27/2005,1.2005
9/26/2005,1.2031
9/23/2005,1.2118
9/22/2005,1.2224
9/21/2005,1.2225
9/20/2005,1.2154
9/19/2005,1.2139
9/16/2005,1.2243
9/15/2005,1.2223
9/14/2005,1.2314
9/13/2005,1.2276
9/12/2005,1.2313
9/9/2005,1.2415
9/8/2005,1.2418
9/7/2005,1.2451
9/6/2005,1.2483
9/5/2005,1.2538
9/2/2005,1.2541
9/1/2005,1.2388
8/31/2005,1.2198
8/30/2005,1.2181
8/29/2005,1.2289
8/26/2005,1.2307
8/25/2005,1.2272
8/24/2005,1.2211
8/23/2005,1.2233
8/22/2005,1.2231
8/19/2005,1.2183
8/18/2005,1.2213
8/17/2005,1.2296
8/16/2005,1.2313
8/15/2005,1.2374
8/12/2005,1.2457
8/11/2005,1.2405
8/10/2005,1.2377
8/9/2005,1.2367
8/8/2005,1.237
8/5/2005,1.2386
8/4/2005,1.2319
8/3/2005,1.2308
8/2/2005,1.2217
8/1/2005,1.2219
7/29/2005,1.2093
7/28/2005,1.21
7/27/2005,1.199
7/26/2005,1.1987
7/25/2005,1.2065
7/22/2005,1.2143
7/21/2005,1.2187
7/20/2005,1.2063
7/19/2005,1.1965
7/18/2005,1.2054
7/15/2005,1.2073
7/14/2005,1.2067
7/13/2005,1.2184
7/12/2005,1.2166
7/11/2005,1.2006
7/8/2005,1.1904
7/7/2005,1.1957
7/6/2005,1.1913
7/5/2005,1.1883
7/4/2005,1.1894
7/1/2005,1.2087
6/30/2005,1.2092
6/29/2005,1.2054
6/28/2005,1.2095
6/27/2005,1.2164
6/24/2005,1.2082
6/23/2005,1.2066
6/22/2005,1.2111
6/21/2005,1.2092
6/20/2005,1.221
6/17/2005,1.2177
6/16/2005,1.2115
6/15/2005,1.2069
6/14/2005,1.211
6/13/2005,1.2062
6/10/2005,1.2229
6/9/2005,1.2239
6/8/2005,1.2324
6/7/2005,1.2285
6/6/2005,1.2272
6/3/2005,1.2289
6/2/2005,1.2263
6/1/2005,1.2228
5/31/2005,1.2331
5/30/2005,1.2472
5/27/2005,1.2551
5/26/2005,1.2523
5/25/2005,1.2564
5/24/2005,1.2617
5/23/2005,1.2548
5/20/2005,1.2607
5/19/2005,1.2642
5/18/2005,1.2621
5/17/2005,1.2636
5/16/2005,1.2616
5/13/2005,1.2635
5/12/2005,1.2771
5/11/2005,1.2882
5/10/2005,1.2854
5/9/2005,1.2824
5/6/2005,1.2947
5/5/2005,1.2954
5/4/2005,1.2953
5/3/2005,1.2856
5/2/2005,1.2863
4/29/2005,1.2957
4/28/2005,1.2905
4/27/2005,1.292
4/26/2005,1.2981
4/25/2005,1.2966
4/22/2005,1.3077
4/21/2005,1.3058
4/20/2005,1.3049
4/19/2005,1.2996
4/18/2005,1.2967
4/15/2005,1.2868
4/14/2005,1.282
4/13/2005,1.2922
4/12/2005,1.2985
4/11/2005,1.2971
4/8/2005,1.2819
4/7/2005,1.2923
4/6/2005,1.286
4/5/2005,1.281
4/4/2005,1.2883
4/1/2005,1.2959
3/31/2005,1.2964
3/30/2005,1.2943
3/29/2005,1.2926
3/24/2005,1.2982
3/23/2005,1.305
3/22/2005,1.3175
3/21/2005,1.3199
3/18/2005,1.3279
3/17/2005,1.3378
3/16/2005,1.3373
3/15/2005,1.3383
3/14/2005,1.3372
3/11/2005,1.3416
3/10/2005,1.3409
3/9/2005,1.3346
3/8/2005,1.3246
3/7/2005,1.3197
3/4/2005,1.3115
3/3/2005,1.3144
3/2/2005,1.3101
3/1/2005,1.3216
2/28/2005,1.3257
2/25/2005,1.3165
2/24/2005,1.326
2/23/2005,1.3203
2/22/2005,1.3193
2/21/2005,1.3055
2/18/2005,1.3039
2/17/2005,1.3041
2/16/2005,1.304
2/15/2005,1.3016
2/14/2005,1.2967
2/11/2005,1.2855
2/10/2005,1.2777
2/9/2005,1.2762
2/8/2005,1.2764
2/7/2005,1.2844
2/4/2005,1.2958
2/3/2005,1.3001
2/2/2005,1.3061
2/1/2005,1.3027
1/31/2005,1.3035
1/28/2005,1.3035
1/27/2005,1.3026
1/26/2005,1.3005
1/25/2005,1.3025
1/24/2005,1.3065
1/21/2005,1.2963
1/20/2005,1.2936
1/19/2005,1.3083
1/18/2005,1.306
1/17/2005,1.3085
1/14/2005,1.3091
1/13/2005,1.3232
1/12/2005,1.3139
1/11/2005,1.3143
1/10/2005,1.3103
1/7/2005,1.32
1/6/2005,1.3183
1/5/2005,1.3224
1/4/2005,1.3365
1/3/2005,1.3507
12/31/2004,1.3621
12/30/2004,1.3604
12/29/2004,1.3608
12/28/2004,1.3633
12/27/2004,1.3527
12/24/2004,1.3542
12/23/2004,1.3456
12/22/2004,1.3384
12/21/2004,1.3394
12/20/2004,1.3378
12/17/2004,1.3264
12/16/2004,1.3401
12/15/2004,1.3383
12/14/2004,1.3317
12/13/2004,1.3268
12/10/2004,1.3191
12/9/2004,1.3305
12/8/2004,1.33
12/7/2004,1.3456
12/6/2004,1.3435
12/3/2004,1.33
12/2/2004,1.3314
12/1/2004,1.3294
11/30/2004,1.3295
11/29/2004,1.3247
11/26/2004,1.3238
11/25/2004,1.3213
11/24/2004,1.3146
11/23/2004,1.3089
11/22/2004,1.3033
11/19/2004,1.302
11/18/2004,1.3024
11/17/2004,1.3026
11/16/2004,1.2971
11/15/2004,1.2955
11/12/2004,1.2921
11/11/2004,1.289
11/10/2004,1.2977
11/9/2004,1.2911
11/8/2004,1.2917
11/5/2004,1.2856
11/4/2004,1.2874
11/3/2004,1.2754
11/2/2004,1.2705
11/1/2004,1.2748
10/29/2004,1.2737
10/28/2004,1.2711
10/27/2004,1.2792
10/26/2004,1.2784
10/25/2004,1.2792
10/22/2004,1.2606
10/21/2004,1.2606
10/20/2004,1.259
10/19/2004,1.2509
10/18/2004,1.2474
10/15/2004,1.2414
10/14/2004,1.2377
10/13/2004,1.2267
10/12/2004,1.2312
10/11/2004,1.2392
10/8/2004,1.2315
10/7/2004,1.2301
10/6/2004,1.2282
10/5/2004,1.2304
10/4/2004,1.2305
10/1/2004,1.2413
9/30/2004,1.2409
9/29/2004,1.2323
9/28/2004,1.2335
9/27/2004,1.2254
9/24/2004,1.2309
9/23/2004,1.2315
9/22/2004,1.2245
9/21/2004,1.2276
9/20/2004,1.2132
9/17/2004,1.2211
9/16/2004,1.2158
9/15/2004,1.2238
9/14/2004,1.2237
9/13/2004,1.2236
9/10/2004,1.2219
9/9/2004,1.2191
9/8/2004,1.2039
9/7/2004,1.2079
9/6/2004,1.2071
9/3/2004,1.2175
9/2/2004,1.2172
9/1/2004,1.2168
8/31/2004,1.2111
8/30/2004,1.2047
8/27/2004,1.2085
8/26/2004,1.21
8/25/2004,1.2081
8/24/2004,1.2139
8/23/2004,1.225
8/20/2004,1.2293
8/19/2004,1.2359
8/18/2004,1.2331
8/17/2004,1.2338
8/16/2004,1.2337
8/13/2004,1.2219
8/12/2004,1.2256
8/11/2004,1.2233
8/10/2004,1.2279
8/9/2004,1.2247
8/6/2004,1.2064
8/5/2004,1.2042
8/4/2004,1.1983
8/3/2004,1.2022
8/2/2004,1.2055
7/30/2004,1.2039
7/29/2004,1.2026
7/28/2004,1.2034
7/27/2004,1.2168
7/26/2004,1.2163
7/23/2004,1.2191
7/22/2004,1.2268
7/21/2004,1.2296
7/20/2004,1.2385
7/19/2004,1.2412
7/16/2004,1.2353
7/15/2004,1.2374
7/14/2004,1.2381
7/13/2004,1.2372
7/12/2004,1.2397
7/9/2004,1.2372
7/8/2004,1.2348
7/7/2004,1.2357
7/6/2004,1.2309
7/5/2004,1.2288
7/2/2004,1.2148
7/1/2004,1.2168
6/30/2004,1.2155
6/29/2004,1.2169
6/28/2004,1.2208
6/25/2004,1.2138
6/24/2004,1.2122
6/23/2004,1.2087
6/22/2004,1.2091
6/21/2004,1.2112
6/18/2004,1.2042
6/17/2004,1.2045
6/16/2004,1.2058
6/15/2004,1.2051
6/14/2004,1.2001
6/11/2004,1.2006
6/10/2004,1.2052
6/9/2004,1.2157
6/8/2004,1.2294
6/7/2004,1.2319
6/4/2004,1.2203
6/3/2004,1.2226
6/2/2004,1.2276
6/1/2004,1.2231
5/31/2004,1.2198
5/28/2004,1.2246
5/27/2004,1.2165
5/26/2004,1.2106
5/25/2004,1.2063
5/24/2004,1.1968
5/21/2004,1.2031
5/20/2004,1.1922
5/19/2004,1.1989
5/18/2004,1.1983
5/17/2004,1.2023
5/14/2004,1.1802
5/13/2004,1.1823
5/12/2004,1.1857
5/11/2004,1.1804
5/10/2004,1.1843
5/7/2004,1.2073
5/6/2004,1.2116
5/5/2004,1.2126
5/4/2004,1.2061
5/3/2004,1.1953
4/30/2004,1.1947
4/29/2004,1.1826
4/28/2004,1.1907
4/27/2004,1.1887
4/26/2004,1.1851
4/23/2004,1.1885
4/22/2004,1.1873
4/21/2004,1.1836
4/20/2004,1.1926
4/19/2004,1.2044
4/16/2004,1.1932
4/15/2004,1.1912
4/14/2004,1.1924
4/13/2004,1.1975
4/8/2004,1.2096
4/7/2004,1.2101
4/6/2004,1.209
4/5/2004,1.2058
4/2/2004,1.2318
4/1/2004,1.232
3/31/2004,1.2224
3/30/2004,1.2187
3/29/2004,1.2118
3/26/2004,1.2173
3/25/2004,1.2132
3/24/2004,1.2196
3/23/2004,1.2276
3/22/2004,1.2353
3/19/2004,1.2344
3/18/2004,1.2261
3/17/2004,1.2251
3/16/2004,1.235
3/15/2004,1.2278
3/12/2004,1.2235
3/11/2004,1.2256
3/10/2004,1.2299
3/9/2004,1.2361
3/8/2004,1.2356
3/5/2004,1.2192
3/4/2004,1.2147
3/3/2004,1.2143
3/2/2004,1.2402
3/1/2004,1.2484
2/27/2004,1.2418
2/26/2004,1.2444
2/25/2004,1.2629
2/24/2004,1.2595
2/23/2004,1.2576
2/20/2004,1.2663
2/19/2004,1.2724
2/18/2004,1.2824
2/17/2004,1.2858
2/16/2004,1.2741
2/13/2004,1.2816
2/12/2004,1.2802
2/11/2004,1.268
2/10/2004,1.2764
2/9/2004,1.2713
2/6/2004,1.2529
2/5/2004,1.2583
2/4/2004,1.2524
2/3/2004,1.2585
2/2/2004,1.2461
1/30/2004,1.2384
1/29/2004,1.2468
1/28/2004,1.2563
1/27/2004,1.2517
1/26/2004,1.2575
1/23/2004,1.2692
1/22/2004,1.271
1/21/2004,1.2607
1/20/2004,1.2536
1/19/2004,1.2373
1/16/2004,1.2493
1/15/2004,1.2635
1/14/2004,1.2692
1/13/2004,1.2749
1/12/2004,1.2828
1/9/2004,1.2737
1/8/2004,1.2634
1/7/2004,1.2679
1/6/2004,1.2756
1/5/2004,1.2657
1/2/2004,1.2592
12/31/2003,1.263
12/30/2003,1.2496
12/29/2003,1.2499
12/24/2003,1.2407
12/23/2003,1.2392
12/22/2003,1.2434
12/19/2003,1.2418
12/18/2003,1.2403
12/17/2003,1.2337
12/16/2003,1.2339
12/15/2003,1.223
12/12/2003,1.2254
12/11/2003,1.2187
12/10/2003,1.2239
12/9/2003,1.2258
12/8/2003,1.2218
12/5/2003,1.2087
12/4/2003,1.2074
12/3/2003,1.2102
12/2/2003,1.1975
12/1/2003,1.2019
11/28/2003,1.1994
11/27/2003,1.1902
11/26/2003,1.1828
11/25/2003,1.1766
11/24/2003,1.1823
11/21/2003,1.1899
11/20/2003,1.1909
11/19/2003,1.191
11/18/2003,1.1778
11/17/2003,1.1802
11/14/2003,1.1765
11/13/2003,1.168
11/12/2003,1.16
11/11/2003,1.1497
11/10/2003,1.1483
11/7/2003,1.1424
11/6/2003,1.1449
11/5/2003,1.1473
11/4/2003,1.1468
11/3/2003,1.1589
10/31/2003,1.1622
10/30/2003,1.1736
10/29/2003,1.1684
10/28/2003,1.1673
10/27/2003,1.1748
10/24/2003,1.1781
10/23/2003,1.1786
10/22/2003,1.1694
10/21/2003,1.1623
10/20/2003,1.1629
10/17/2003,1.1579
10/16/2003,1.1615
10/15/2003,1.1669
10/14/2003,1.1634
10/13/2003,1.1688
10/10/2003,1.1788
10/9/2003,1.1788
10/8/2003,1.1781
10/7/2003,1.1768
10/6/2003,1.1579
10/3/2003,1.1686
10/2/2003,1.1692
10/1/2003,1.1671
9/30/2003,1.1652
9/29/2003,1.1413
9/26/2003,1.1487
9/25/2003,1.1493
9/24/2003,1.1466
9/23/2003,1.1464
9/22/2003,1.1468
9/19/2003,1.1312
9/18/2003,1.129
9/17/2003,1.1212
9/16/2003,1.1235
9/15/2003,1.1281
9/12/2003,1.1172
9/11/2003,1.1217
9/10/2003,1.1172
9/9/2003,1.1135
9/8/2003,1.1071
9/5/2003,1.0923
9/4/2003,1.0818
9/3/2003,1.0783
9/2/2003,1.0849
9/1/2003,1.0965
8/29/2003,1.0927
8/28/2003,1.0828
8/27/2003,1.0907
8/26/2003,1.0816
8/25/2003,1.0888
8/22/2003,1.0894
8/21/2003,1.1009
8/20/2003,1.1109
8/19/2003,1.1065
8/18/2003,1.1188
8/15/2003,1.1247
8/14/2003,1.127
8/13/2003,1.1277
8/12/2003,1.1312
8/11/2003,1.1295
8/8/2003,1.1326
8/7/2003,1.1353
8/6/2003,1.1392
8/5/2003,1.1333
8/4/2003,1.1307
8/1/2003,1.1169
7/31/2003,1.1318
7/30/2003,1.142
7/29/2003,1.1462
7/28/2003,1.1489
7/25/2003,1.1477
7/24/2003,1.1467
7/23/2003,1.1401
7/22/2003,1.1343
7/21/2003,1.1284
7/18/2003,1.1205
7/17/2003,1.1231
7/16/2003,1.1138
7/15/2003,1.1319
7/14/2003,1.1299
7/11/2003,1.1315
7/10/2003,1.1342
7/9/2003,1.1355
7/8/2003,1.1326
7/7/2003,1.136
7/4/2003,1.1466
7/3/2003,1.1457
7/2/2003,1.1535
7/1/2003,1.1543
6/30/2003,1.1427
6/27/2003,1.1413
6/26/2003,1.1432
6/25/2003,1.1551
6/24/2003,1.1565
6/23/2003,1.1539
6/20/2003,1.1655
6/19/2003,1.1655
6/18/2003,1.1699
6/17/2003,1.1797
6/16/2003,1.1854
6/13/2003,1.1751
6/12/2003,1.1734
6/11/2003,1.1748
6/10/2003,1.1699
6/9/2003,1.1726
6/6/2003,1.1813
6/5/2003,1.1775
6/4/2003,1.1691
6/3/2003,1.1723
6/2/2003,1.1672
5/30/2003,1.1822
5/29/2003,1.1756
5/28/2003,1.1738
5/27/2003,1.1901
5/26/2003,1.1813
5/23/2003,1.179
5/22/2003,1.172
5/21/2003,1.1689
5/20/2003,1.1644
5/19/2003,1.1652
5/16/2003,1.1492
5/15/2003,1.1458
5/14/2003,1.1499
5/13/2003,1.1518
5/12/2003,1.1597
5/9/2003,1.1466
5/8/2003,1.1435
5/7/2003,1.1427
5/6/2003,1.1344
5/5/2003,1.1218
5/2/2003,1.1239
4/30/2003,1.1131
4/29/2003,1.0956
4/28/2003,1.1025
4/25/2003,1.0973
4/24/2003,1.1008
4/23/2003,1.0944
4/22/2003,1.0971
4/17/2003,1.092
4/16/2003,1.0836
4/15/2003,1.0784
4/14/2003,1.0737
4/11/2003,1.0735
4/10/2003,1.0805
4/9/2003,1.0742
4/8/2003,1.066
4/7/2003,1.0582
4/4/2003,1.072
4/3/2003,1.0702
4/2/2003,1.083
4/1/2003,1.0891
3/31/2003,1.0895
3/28/2003,1.073
3/27/2003,1.0723
3/26/2003,1.0667
3/25/2003,1.0691
3/24/2003,1.0634
3/21/2003,1.0572
3/20/2003,1.0592
3/19/2003,1.057
3/18/2003,1.0586
3/17/2003,1.0801
3/14/2003,1.0775
3/13/2003,1.0864
3/12/2003,1.1028
3/11/2003,1.108
3/10/2003,1.1042
3/7/2003,1.1039
3/6/2003,1.0963
3/5/2003,1.0966
3/4/2003,1.0919
3/3/2003,1.08
2/28/2003,1.0782
2/27/2003,1.0822
2/26/2003,1.0753
2/25/2003,1.0774
2/24/2003,1.0721
2/21/2003,1.0838
2/20/2003,1.0763
2/19/2003,1.0717
2/18/2003,1.0714
2/17/2003,1.0716
2/14/2003,1.0793
2/13/2003,1.0758
2/12/2003,1.0731
2/11/2003,1.0706
2/10/2003,1.0808
2/7/2003,1.0789
2/6/2003,1.0813
2/5/2003,1.091
2/4/2003,1.0822
2/3/2003,1.0729
1/31/2003,1.0816
1/30/2003,1.0748
1/29/2003,1.0868
1/28/2003,1.0808
1/27/2003,1.087
1/24/2003,1.0784
1/23/2003,1.0757
1/22/2003,1.0718
1/21/2003,1.0653
1/20/2003,1.0653
1/17/2003,1.0652
1/16/2003,1.0564
1/15/2003,1.0526
1/14/2003,1.0577
1/13/2003,1.0549
1/10/2003,1.0503
1/9/2003,1.0507
1/8/2003,1.0377
1/7/2003,1.0425
1/6/2003,1.0488
1/3/2003,1.0392
1/2/2003,1.0446
12/31/2002,1.0487
12/30/2002,1.0422
12/27/2002,1.0376
12/24/2002,1.0296
12/23/2002,1.0282
12/20/2002,1.0255
12/19/2002,1.0273
12/18/2002,1.024
12/17/2002,1.0307
12/16/2002,1.0212
12/13/2002,1.0221
12/12/2002,1.0156
12/11/2002,1.0067
12/10/2002,1.0111
12/9/2002,1.0093
12/6/2002,1.0006
12/5/2002,0.9991
12/4/2002,1.0018
12/3/2002,0.9967
12/2/2002,0.9871
11/29/2002,0.9927
11/28/2002,0.9934
11/27/2002,0.9927
11/26/2002,0.991
11/25/2002,0.9905
11/22/2002,1.0024
11/21/2002,1.0034
11/20/2002,1.0019
11/19/2002,1.0125
11/18/2002,1.0065
11/15/2002,1.0029
11/14/2002,1.0095
11/13/2002,1.0068
11/12/2002,1.0081
11/11/2002,1.0126
11/8/2002,1.0107
11/7/2002,1.0013
11/6/2002,0.9955
11/5/2002,1.0024
11/4/2002,0.9944
11/1/2002,0.9974
10/31/2002,0.9864
10/30/2002,0.9825
10/29/2002,0.982
10/28/2002,0.9745
10/25/2002,0.9763
10/24/2002,0.9738
10/23/2002,0.9775
10/22/2002,0.9768
10/21/2002,0.9748
10/18/2002,0.9735
10/17/2002,0.9763
10/16/2002,0.9823
10/15/2002,0.981
10/14/2002,0.9873
10/11/2002,0.9857
10/10/2002,0.9875
10/9/2002,0.9814
10/8/2002,0.98
10/7/2002,0.9808
10/4/2002,0.9865
10/3/2002,0.989
10/2/2002,0.9835
10/1/2002,0.9861
9/30/2002,0.986
9/27/2002,0.9779
9/26/2002,0.9796
9/25/2002,0.9771
9/24/2002,0.9828
9/23/2002,0.9831
9/20/2002,0.979
9/19/2002,0.9814
9/18/2002,0.9725
9/17/2002,0.9649
9/16/2002,0.9683
9/13/2002,0.981
9/12/2002,0.9757
9/11/2002,0.9749
9/10/2002,0.976
9/9/2002,0.9794
9/6/2002,0.9918
9/5/2002,0.9975
9/4/2002,0.9947
9/3/2002,0.991
9/2/2002,0.9821
8/30/2002,0.9833
8/29/2002,0.9843
8/28/2002,0.9826
8/27/2002,0.9774
8/26/2002,0.9701
8/23/2002,0.9697
8/22/2002,0.977
8/21/2002,0.9762
8/20/2002,0.9792
8/19/2002,0.9799
8/16/2002,0.9825
8/15/2002,0.9777
8/14/2002,0.9857
8/13/2002,0.9799
8/12/2002,0.978
8/9/2002,0.9729
8/8/2002,0.9687
8/7/2002,0.9698
8/6/2002,0.9689
8/5/2002,0.9836
8/2/2002,0.9873
8/1/2002,0.976
7/31/2002,0.9783
7/30/2002,0.9835
7/29/2002,0.9821
7/26/2002,1.0008
7/25/2002,1.0014
7/24/2002,0.9915
7/23/2002,0.991
7/22/2002,1.0086
7/19/2002,1.0146
7/18/2002,1.0058
7/17/2002,1.0064
7/16/2002,1.0127
7/15/2002,1.0024
7/12/2002,0.9873
7/11/2002,0.9836
7/10/2002,0.9898
7/9/2002,0.993
7/8/2002,0.9828
7/5/2002,0.9725
7/4/2002,0.979
7/3/2002,0.978
7/2/2002,0.9838
7/1/2002,0.9913
6/28/2002,0.9975
6/27/2002,0.9824
6/26/2002,0.9917
6/25/2002,0.9712
6/24/2002,0.9781
6/21/2002,0.9636
6/20/2002,0.9592
6/19/2002,0.9561
6/18/2002,0.9484
6/17/2002,0.9426
6/14/2002,0.9478
6/13/2002,0.9417
6/12/2002,0.9452
6/11/2002,0.9417
6/10/2002,0.9459
6/7/2002,0.9452
6/6/2002,0.9386
6/5/2002,0.9371
6/4/2002,0.9435
6/3/2002,0.9313
5/31/2002,0.9387
5/30/2002,0.9375
5/29/2002,0.932
5/28/2002,0.9255
5/27/2002,0.919
5/24/2002,0.9188
5/23/2002,0.9213
5/22/2002,0.926
5/21/2002,0.9213
5/20/2002,0.9202
5/17/2002,0.9152
5/16/2002,0.9124
5/15/2002,0.903
5/14/2002,0.9062
5/13/2002,0.9118
5/10/2002,0.9118
5/9/2002,0.9061
5/8/2002,0.9088
5/7/2002,0.9125
5/6/2002,0.9144
5/3/2002,0.9083
5/2/2002,0.9032
4/30/2002,0.9008
4/29/2002,0.9038
4/26/2002,0.8971
4/25/2002,0.8969
4/24/2002,0.8892
4/23/2002,0.8872
4/22/2002,0.8882
4/19/2002,0.8886
4/18/2002,0.8895
4/17/2002,0.888
4/16/2002,0.8803
4/15/2002,0.8802
4/12/2002,0.8803
4/11/2002,0.8794
4/10/2002,0.8798
4/9/2002,0.8763
4/8/2002,0.8778
4/5/2002,0.8786
4/4/2002,0.8818
4/3/2002,0.8803
4/2/2002,0.8786
3/28/2002,0.8724
3/27/2002,0.8746
3/26/2002,0.8737
3/25/2002,0.8759
3/22/2002,0.8795
3/21/2002,0.8817
3/20/2002,0.8814
3/19/2002,0.8829
3/18/2002,0.8792
3/15/2002,0.8853
3/14/2002,0.8803
3/13/2002,0.8734
3/12/2002,0.8733
3/11/2002,0.8741
3/8/2002,0.8797
3/7/2002,0.8764
3/6/2002,0.8712
3/5/2002,0.8682
3/4/2002,0.8649
3/1/2002,0.8679
2/28/2002,0.8651
2/27/2002,0.8649
2/26/2002,0.8682
2/25/2002,0.8724
2/22/2002,0.8747
2/21/2002,0.8701
2/20/2002,0.8743
2/19/2002,0.8692
2/18/2002,0.8715
2/15/2002,0.8705
2/14/2002,0.8693
2/13/2002,0.8731
2/12/2002,0.8753
2/11/2002,0.8794
2/8/2002,0.874
2/7/2002,0.8664
2/6/2002,0.8664
2/5/2002,0.8683
2/4/2002,0.8644
2/1/2002,0.8632
1/31/2002,0.8637
1/30/2002,0.8642
1/29/2002,0.8624
1/28/2002,0.8578
1/25/2002,0.8663
1/24/2002,0.8767
1/23/2002,0.8856
1/22/2002,0.883
1/21/2002,0.884
1/18/2002,0.881
1/17/2002,0.8819
1/16/2002,0.8817
1/15/2002,0.8922
1/14/2002,0.8927
1/11/2002,0.8919
1/10/2002,0.8909
1/9/2002,0.8921
1/8/2002,0.8909
1/7/2002,0.8905
1/4/2002,0.8954
1/3/2002,0.9036
1/2/2002,0.9038
12/28/2001,0.8813
12/27/2001,0.8823
12/24/2001,0.8798
12/21/2001,0.8943
12/20/2001,0.8973
12/19/2001,0.8983
12/18/2001,0.9012
12/17/2001,0.9049
12/14/2001,0.9016
12/13/2001,0.8975
12/12/2001,0.8938
12/11/2001,0.8908
12/10/2001,0.885
12/7/2001,0.8911
12/6/2001,0.8889
12/5/2001,0.8919
12/4/2001,0.8902
12/3/2001,0.8925
11/30/2001,0.8898
11/29/2001,0.8887
11/28/2001,0.8831
11/27/2001,0.8788
11/26/2001,0.8818
11/23/2001,0.8795
11/22/2001,0.8778
11/21/2001,0.8791
11/20/2001,0.8824
11/19/2001,0.8793
11/16/2001,0.8845
11/15/2001,0.8825
11/14/2001,0.8803
11/13/2001,0.8842
11/12/2001,0.8919
11/9/2001,0.893
11/8/2001,0.8972
11/7/2001,0.9014
11/6/2001,0.8961
11/5/2001,0.8961
11/2/2001,0.9056
11/1/2001,0.9097
10/31/2001,0.9042
10/30/2001,0.9064
10/29/2001,0.9005
10/26/2001,0.8911
10/25/2001,0.8889
10/24/2001,0.8917
10/23/2001,0.8887
10/22/2001,0.8969
10/19/2001,0.9009
10/18/2001,0.9026
10/17/2001,0.9022
10/16/2001,0.9052
10/15/2001,0.9097
10/12/2001,0.904
10/11/2001,0.9062
10/10/2001,0.9136
10/9/2001,0.9193
10/8/2001,0.9214
10/5/2001,0.9174
10/4/2001,0.9117
10/3/2001,0.9209
10/2/2001,0.9189
10/1/2001,0.9125
9/28/2001,0.9131
9/27/2001,0.9205
9/26/2001,0.9219
9/25/2001,0.9176
9/24/2001,0.9164
9/21/2001,0.92
9/20/2001,0.9259
9/19/2001,0.9258
9/18/2001,0.9256
9/17/2001,0.9269
9/14/2001,0.9219
9/13/2001,0.906
9/12/2001,0.9052
9/11/2001,0.8964
9/10/2001,0.9047
9/7/2001,0.8952
9/6/2001,0.8855
9/5/2001,0.8891
9/4/2001,0.897
9/3/2001,0.9072
8/31/2001,0.9158
8/30/2001,0.9095
8/29/2001,0.9122
8/28/2001,0.9042
8/27/2001,0.909
8/24/2001,0.9108
8/23/2001,0.9112
8/22/2001,0.9216
8/21/2001,0.9128
8/20/2001,0.9149
8/17/2001,0.9138
8/16/2001,0.9144
8/15/2001,0.9114
8/14/2001,0.8968
8/13/2001,0.8991
8/10/2001,0.8936
8/9/2001,0.8853
8/8/2001,0.8763
8/7/2001,0.8768
8/6/2001,0.8805
8/3/2001,0.8806
8/2/2001,0.8788
8/1/2001,0.8817
7/31/2001,0.8755
7/30/2001,0.8751
7/27/2001,0.8768
7/26/2001,0.8764
7/25/2001,0.8793
7/24/2001,0.8708
7/23/2001,0.8676
7/20/2001,0.8776
7/19/2001,0.8723
7/18/2001,0.863
7/17/2001,0.8516
7/16/2001,0.8583
7/13/2001,0.8539
7/12/2001,0.8538
7/11/2001,0.8611
7/10/2001,0.8545
7/9/2001,0.8459
7/6/2001,0.8384
7/5/2001,0.8422
7/4/2001,0.8453
7/3/2001,0.8497
7/2/2001,0.8455
6/29/2001,0.848
6/28/2001,0.8511
6/27/2001,0.8622
6/26/2001,0.8611
6/25/2001,0.8607
6/22/2001,0.8528
6/21/2001,0.8552
6/20/2001,0.8513
6/19/2001,0.8563
6/18/2001,0.8581
6/15/2001,0.8662
6/14/2001,0.8492
6/13/2001,0.8542
6/12/2001,0.8474
6/11/2001,0.8494
6/8/2001,0.8468
6/7/2001,0.8466
6/6/2001,0.8543
6/5/2001,0.8465
6/4/2001,0.8513
6/1/2001,0.8478
5/31/2001,0.848
5/30/2001,0.8558
5/29/2001,0.8552
5/28/2001,0.8584
5/25/2001,0.8591
5/24/2001,0.8604
5/23/2001,0.8585
5/22/2001,0.8685
5/21/2001,0.8754
5/18/2001,0.8777
5/17/2001,0.8815
5/16/2001,0.8834
5/15/2001,0.8768
5/14/2001,0.8745
5/11/2001,0.8773
5/10/2001,0.885
5/9/2001,0.8827
5/8/2001,0.8866
5/7/2001,0.8919
5/4/2001,0.8939
5/3/2001,0.8903
5/2/2001,0.8907
4/30/2001,0.8876
4/27/2001,0.9023
4/26/2001,0.9013
4/25/2001,0.8947
4/24/2001,0.8973
4/23/2001,0.9002
4/20/2001,0.8989
4/19/2001,0.8827
4/18/2001,0.8778
4/17/2001,0.8791
4/12/2001,0.8849
4/11/2001,0.884
4/10/2001,0.8945
4/9/2001,0.9018
4/6/2001,0.894
4/5/2001,0.902
4/4/2001,0.9032
4/3/2001,0.8845
4/2/2001,0.8772
3/30/2001,0.8832
3/29/2001,0.884
3/28/2001,0.886
3/27/2001,0.8952
3/26/2001,0.8935
3/23/2001,0.8922
3/22/2001,0.8889
3/21/2001,0.899
3/20/2001,0.902
3/19/2001,0.8996
3/16/2001,0.8947
3/15/2001,0.9064
3/14/2001,0.9182
3/13/2001,0.9202
3/12/2001,0.9272
3/9/2001,0.9357
3/8/2001,0.9312
3/7/2001,0.9307
3/6/2001,0.9279
3/5/2001,0.9305
3/2/2001,0.9363
3/1/2001,0.9269
2/28/2001,0.9248
2/27/2001,0.9163
2/26/2001,0.9105
2/23/2001,0.9064
2/22/2001,0.9056
2/21/2001,0.9146
2/20/2001,0.907
2/19/2001,0.9213
2/16/2001,0.9113
2/15/2001,0.909
2/14/2001,0.9178
2/13/2001,0.9275
2/12/2001,0.9288
2/9/2001,0.9227
2/8/2001,0.922
2/7/2001,0.9325
2/6/2001,0.9322
2/5/2001,0.9425
2/2/2001,0.9407
2/1/2001,0.9406
1/31/2001,0.9293
1/30/2001,0.9197
1/29/2001,0.9193
1/26/2001,0.9228
1/25/2001,0.9146
1/24/2001,0.9294
1/23/2001,0.9407
1/22/2001,0.929
1/19/2001,0.94
1/18/2001,0.9404
1/17/2001,0.9396
1/16/2001,0.9412
1/15/2001,0.9428
1/12/2001,0.9545
1/11/2001,0.9523
1/10/2001,0.9412
1/9/2001,0.9401
1/8/2001,0.9497
1/5/2001,0.9545
1/4/2001,0.9458
1/3/2001,0.953
1/2/2001,0.9423
12/29/2000,0.9305
12/28/2000,0.9285
12/27/2000,0.931
12/22/2000,0.924
12/21/2000,0.9146
12/20/2000,0.9059
12/19/2000,0.8903
12/18/2000,0.8966
12/15/2000,0.8984
12/14/2000,0.8839
12/13/2000,0.8748
12/12/2000,0.8782
12/11/2000,0.8804
12/8/2000,0.8895
12/7/2000,0.8943
12/6/2000,0.8828
12/5/2000,0.881
12/4/2000,0.8908
12/1/2000,0.8735
11/30/2000,0.8684
11/29/2000,0.865
11/28/2000,0.8561
11/27/2000,0.8406
11/24/2000,0.8436
11/23/2000,0.8427
11/22/2000,0.8429
11/21/2000,0.8474
11/20/2000,0.8488
11/17/2000,0.8535
11/16/2000,0.8569
11/15/2000,0.8596
11/14/2000,0.8583
11/13/2000,0.862
11/10/2000,0.8673
11/9/2000,0.8531
11/8/2000,0.8559
11/7/2000,0.8587
11/6/2000,0.8667
11/3/2000,0.873
11/2/2000,0.8646
11/1/2000,0.8554
10/31/2000,0.8417
10/30/2000,0.8482
10/27/2000,0.8324
10/26/2000,0.8252
10/25/2000,0.8307
10/24/2000,0.8386
10/23/2000,0.8377
10/20/2000,0.8452
10/19/2000,0.8411
10/18/2000,0.8525
10/17/2000,0.8496
10/16/2000,0.8511
10/13/2000,0.8627
10/12/2000,0.8648
10/11/2000,0.872
10/10/2000,0.8721
10/9/2000,0.8695
10/6/2000,0.8703
10/5/2000,0.8786
10/4/2000,0.873
10/3/2000,0.8763
10/2/2000,0.8802
9/29/2000,0.8765
9/28/2000,0.8832
9/27/2000,0.8861
9/26/2000,0.8757
9/25/2000,0.877
9/22/2000,0.889
9/21/2000,0.8524
9/20/2000,0.8476
9/19/2000,0.8541
9/18/2000,0.8526
9/15/2000,0.8615
9/14/2000,0.8693
9/13/2000,0.8654
9/12/2000,0.8614
9/11/2000,0.8609
9/8/2000,0.8735
9/7/2000,0.8676
9/6/2000,0.8818
9/5/2000,0.8886
9/4/2000,0.9
9/1/2000,0.8902
8/31/2000,0.8906
8/30/2000,0.8909
8/29/2000,0.8965
8/28/2000,0.9007
8/25/2000,0.9021
8/24/2000,0.9012
8/23/2000,0.8918
8/22/2000,0.8972
8/21/2000,0.9023
8/18/2000,0.9127
8/17/2000,0.914
8/16/2000,0.9072
8/15/2000,0.9118
8/14/2000,0.9011
8/11/2000,0.9132
8/10/2000,0.9031
8/9/2000,0.8973
8/8/2000,0.9047
8/7/2000,0.9084
8/4/2000,0.9031
8/3/2000,0.9028
8/2/2000,0.9142
8/1/2000,0.9264
7/31/2000,0.9243
7/28/2000,0.9276
7/27/2000,0.9389
7/26/2000,0.939
7/25/2000,0.941
7/24/2000,0.9332
7/21/2000,0.9363
7/20/2000,0.922
7/19/2000,0.9216
7/18/2000,0.9353
7/17/2000,0.9352
7/14/2000,0.9344
7/13/2000,0.9349
7/12/2000,0.9499
7/11/2000,0.9527
7/10/2000,0.9523
7/7/2000,0.9483
7/6/2000,0.9542
7/5/2000,0.9537
7/4/2000,0.9487
7/3/2000,0.9493
6/30/2000,0.9556
6/29/2000,0.9504
6/28/2000,0.9415
6/27/2000,0.9401
6/26/2000,0.9327
6/23/2000,0.9413
6/22/2000,0.9405
6/21/2000,0.947
6/20/2000,0.9538
6/19/2000,0.964
6/16/2000,0.9565
6/15/2000,0.9524
6/14/2000,0.9636
6/13/2000,0.9583
6/12/2000,0.9527
6/9/2000,0.949
6/8/2000,0.9668
6/7/2000,0.9554
6/6/2000,0.9485
6/5/2000,0.9433
6/2/2000,0.9355
6/1/2000,0.933
5/31/2000,0.9303
5/30/2000,0.9359
5/29/2000,0.9262
5/26/2000,0.9143
5/25/2000,0.8981
5/24/2000,0.9098
5/23/2000,0.9111
5/22/2000,0.9
5/19/2000,0.8875
5/18/2000,0.8942
5/17/2000,0.8922
5/16/2000,0.9065
5/15/2000,0.9147
5/12/2000,0.9029
5/11/2000,0.9079
5/10/2000,0.9107
5/9/2000,0.8978
5/8/2000,0.8952
5/5/2000,0.8984
5/4/2000,0.8947
5/3/2000,0.8913
5/2/2000,0.9116
4/28/2000,0.9085
4/27/2000,0.9163
4/26/2000,0.9193
4/25/2000,0.9302
4/20/2000,0.9376
4/19/2000,0.9461
4/18/2000,0.9497
4/17/2000,0.9573
4/14/2000,0.954
4/13/2000,0.9537
4/12/2000,0.9576
4/11/2000,0.9594
4/10/2000,0.959
4/7/2000,0.9564
4/6/2000,0.9625
4/5/2000,0.9673
4/4/2000,0.9538
4/3/2000,0.9564
3/31/2000,0.9553
3/30/2000,0.9555
3/29/2000,0.9568
3/28/2000,0.9647
3/27/2000,0.9712
3/24/2000,0.9715
3/23/2000,0.9656
3/22/2000,0.9603
3/21/2000,0.9701
3/20/2000,0.9715
3/17/2000,0.9672
3/16/2000,0.9663
3/15/2000,0.9647
3/14/2000,0.962
3/13/2000,0.9716
3/10/2000,0.9613
3/9/2000,0.9616
3/8/2000,0.9543
3/7/2000,0.9593
3/6/2000,0.964
3/3/2000,0.9659
3/2/2000,0.9725
3/1/2000,0.9667
2/29/2000,0.9714
2/28/2000,0.9639
2/25/2000,0.9813
2/24/2000,0.9898
2/23/2000,1.0068
2/22/2000,1.0022
2/21/2000,0.9857
2/18/2000,0.9857
2/17/2000,0.9919
2/16/2000,0.9804
2/15/2000,0.9778
2/14/2000,0.9867
2/11/2000,0.9801
2/10/2000,0.9868
2/9/2000,0.9934
2/8/2000,0.9903
2/7/2000,0.9767
2/4/2000,0.9835
2/3/2000,0.9748
2/2/2000,0.9717
2/1/2000,0.971
1/31/2000,0.9791
1/28/2000,0.9848
1/27/2000,0.9976
1/26/2000,1.0019
1/25/2000,1.0008
1/24/2000,1.0027
1/21/2000,1.0097
1/20/2000,1.0089
1/19/2000,1.0105
1/18/2000,1.0093
1/17/2000,1.0094
1/14/2000,1.0225
1/13/2000,1.0276
1/12/2000,1.0308
1/11/2000,1.0256
1/10/2000,1.0229
1/7/2000,1.0284
1/6/2000,1.0388
1/5/2000,1.0368
1/4/2000,1.0305
1/3/2000,1.009
12/30/1999,1.0046
12/29/1999,1.0072
12/28/1999,1.0089
12/27/1999,1.0134
12/24/1999,1.0142
12/23/1999,1.0089
12/22/1999,1.0074
12/21/1999,1.0084
12/20/1999,1.0096
12/17/1999,1.0128
12/16/1999,1.0146
12/15/1999,1.0021
12/14/1999,1.0038
12/13/1999,1.0128
12/10/1999,1.0141
12/9/1999,1.0175
12/8/1999,1.0236
12/7/1999,1.0239
12/6/1999,1.0182
12/3/1999,1.0015
12/2/1999,1.0057
12/1/1999,1.0091
11/30/1999,1.0097
11/29/1999,1.0077
11/26/1999,1.0101
11/25/1999,1.0194
11/24/1999,1.0215
11/23/1999,1.0315
11/22/1999,1.0311
11/19/1999,1.0279
11/18/1999,1.038
11/17/1999,1.0408
11/16/1999,1.0336
11/15/1999,1.0301
11/12/1999,1.0308
11/11/1999,1.0406
11/10/1999,1.0402
11/9/1999,1.0424
11/8/1999,1.0405
11/5/1999,1.0408
11/4/1999,1.0504
11/3/1999,1.0491
11/2/1999,1.0507
11/1/1999,1.0572
10/29/1999,1.0453
10/28/1999,1.0534
10/27/1999,1.0552
10/26/1999,1.0633
10/25/1999,1.0683
10/22/1999,1.0758
10/21/1999,1.0797
10/20/1999,1.0777
10/19/1999,1.0818
10/18/1999,1.0868
10/15/1999,1.0869
10/14/1999,1.0758
10/13/1999,1.0778
10/12/1999,1.0668
10/11/1999,1.0631
10/8/1999,1.0657
10/7/1999,1.0729
10/6/1999,1.0737
10/5/1999,1.0686
10/4/1999,1.0719
10/1/1999,1.0728
9/30/1999,1.0665
9/29/1999,1.0563
9/28/1999,1.0483
9/27/1999,1.0414
9/24/1999,1.0476
9/23/1999,1.043
9/22/1999,1.0509
9/21/1999,1.0388
9/20/1999,1.0406
9/17/1999,1.0397
9/16/1999,1.0372
9/15/1999,1.0369
9/14/1999,1.0362
9/13/1999,1.0342
9/10/1999,1.052
9/9/1999,1.0592
9/8/1999,1.0613
9/7/1999,1.0565
9/6/1999,1.0594
9/3/1999,1.0682
9/2/1999,1.0662
9/1/1999,1.0613
8/31/1999,1.0573
8/30/1999,1.0454
8/27/1999,1.045
8/26/1999,1.0452
8/25/1999,1.0433
8/24/1999,1.0512
8/23/1999,1.0606
8/20/1999,1.0667
8/19/1999,1.0517
8/18/1999,1.0517
8/17/1999,1.0527
8/16/1999,1.0553
8/13/1999,1.0667
8/12/1999,1.0638
8/11/1999,1.0668
8/10/1999,1.0737
8/9/1999,1.0705
8/6/1999,1.074
8/5/1999,1.0791
8/4/1999,1.0761
8/3/1999,1.0645
8/2/1999,1.0665
7/30/1999,1.0694
7/29/1999,1.068
7/28/1999,1.0603
7/27/1999,1.0627
7/26/1999,1.0698
7/23/1999,1.0496
7/22/1999,1.0499
7/21/1999,1.0462
7/20/1999,1.041
7/19/1999,1.0146
7/16/1999,1.0202
7/15/1999,1.0201
7/14/1999,1.0168
7/13/1999,1.0183
7/12/1999,1.0124
7/9/1999,1.0204
7/8/1999,1.0182
7/7/1999,1.0222
7/6/1999,1.0221
7/5/1999,1.0232
7/2/1999,1.0241
7/1/1999,1.0264
6/30/1999,1.0328
6/29/1999,1.0364
6/28/1999,1.0388
6/25/1999,1.0443
6/24/1999,1.0321
6/23/1999,1.028
6/22/1999,1.0313
6/21/1999,1.0339
6/18/1999,1.0388
6/17/1999,1.034
6/16/1999,1.0345
6/15/1999,1.0392
6/14/1999,1.0437
6/11/1999,1.0474
6/10/1999,1.0474
6/9/1999,1.0466
6/8/1999,1.0385
6/7/1999,1.0316
6/4/1999,1.0315
6/3/1999,1.0382
6/2/1999,1.0382
6/1/1999,1.0434
5/31/1999,1.0456
5/28/1999,1.0479
5/27/1999,1.0473
5/26/1999,1.0535
5/25/1999,1.0627
5/24/1999,1.0585
5/21/1999,1.0572
5/20/1999,1.0639
5/19/1999,1.0634
5/18/1999,1.069
5/17/1999,1.0685
5/14/1999,1.0676
5/13/1999,1.0622
5/12/1999,1.0645
5/11/1999,1.0732
5/10/1999,1.0735
5/7/1999,1.0786
5/6/1999,1.0799
5/5/1999,1.0667
5/4/1999,1.0564
5/3/1999,1.0589
4/30/1999,1.0597
4/29/1999,1.0604
4/28/1999,1.0666
4/27/1999,1.063
4/26/1999,1.0614
4/23/1999,1.0634
4/22/1999,1.0581
4/21/1999,1.0586
4/20/1999,1.0646
4/19/1999,1.0636
4/16/1999,1.0668
4/15/1999,1.0786
4/14/1999,1.0787
4/13/1999,1.0765
4/12/1999,1.0867
4/9/1999,1.0778
4/8/1999,1.0818
4/7/1999,1.0812
4/6/1999,1.0726
4/5/1999,1.0752
4/2/1999,1.0772
4/1/1999,1.0772
3/31/1999,1.0742
3/30/1999,1.0711
3/29/1999,1.0692
3/26/1999,1.0815
3/25/1999,1.0898
3/24/1999,1.0928
3/23/1999,1.0896
3/22/1999,1.0864
3/19/1999,1.0915
3/18/1999,1.1012
3/17/1999,1.0966
3/16/1999,1.0901
3/15/1999,1.0949
3/12/1999,1.0932
3/11/1999,1.0891
3/10/1999,1.0953
3/9/1999,1.0863
3/8/1999,1.0908
3/5/1999,1.0834
3/4/1999,1.0866
3/3/1999,1.0899
3/2/1999,1.0887
3/1/1999,1.0986
2/26/1999,1.1018
2/25/1999,1.1031
2/24/1999,1.1037
2/23/1999,1.0969
2/22/1999,1.0992
2/19/1999,1.1163
2/18/1999,1.1232
2/17/1999,1.1253
2/16/1999,1.1176
2/15/1999,1.1238
2/12/1999,1.1244
2/11/1999,1.1312
2/10/1999,1.1342
2/9/1999,1.1333
2/8/1999,1.1246
2/5/1999,1.1292
2/4/1999,1.1263
2/3/1999,1.1337
2/2/1999,1.1337
2/1/1999,1.1338
1/29/1999,1.1384
1/28/1999,1.141
1/27/1999,1.1529
1/26/1999,1.1582
1/25/1999,1.1584
1/22/1999,1.1567
1/21/1999,1.1572
1/20/1999,1.1575
1/19/1999,1.1616
1/18/1999,1.1612
1/15/1999,1.1626
1/14/1999,1.1653
1/13/1999,1.1744
1/12/1999,1.152
1/11/1999,1.1569
1/8/1999,1.1659
1/7/1999,1.1632
1/6/1999,1.1743
1/5/1999,1.179
1/4/1999,1.1789
12/31/1998,1.1668
12/30/1998,1.1723
12/29/1998,1.17
12/28/1998,1.1654
12/24/1998,1.1661
12/23/1998,1.1701
12/22/1998,1.1711
12/21/1998,1.1754
12/18/1998,1.1795
12/17/1998,1.1763
12/16/1998,1.1765
12/15/1998,1.1816
12/14/1998,1.1848
12/11/1998,1.1816
12/10/1998,1.1772
12/9/1998,1.1719
12/8/1998,1.1694
12/7/1998,1.1663
12/4/1998,1.1682
12/3/1998,1.167
12/2/1998,1.166
12/1/1998,1.1634
11/30/1998,1.1517
11/27/1998,1.1507
11/26/1998,1.1508
11/25/1998,1.1535
11/24/1998,1.1481
11/23/1998,1.1478
11/20/1998,1.1605
11/19/1998,1.1694
11/18/1998,1.1744
11/17/1998,1.1747
11/16/1998,1.1737
11/13/1998,1.1606
11/12/1998,1.1606
11/11/1998,1.1625
11/10/1998,1.1624
11/9/1998,1.1667
11/6/1998,1.1776
11/5/1998,1.1771
11/4/1998,1.1711
11/3/1998,1.1753
11/2/1998,1.1837
10/30/1998,1.184
10/29/1998,1.1853
10/28/1998,1.1842
10/27/1998,1.1778
10/26/1998,1.1846
10/23/1998,1.1919
10/22/1998,1.1849
10/21/1998,1.1927
10/20/1998,1.1976
10/19/1998,1.2063
10/16/1998,1.2118
10/15/1998,1.1982
10/14/1998,1.1936
10/13/1998,1.1905
10/12/1998,1.1861
10/9/1998,1.1971
10/8/1998,1.2121
10/7/1998,1.2111
10/6/1998,1.1913
10/5/1998,1.196
10/2/1998,1.1969
10/1/1998,1.1887
9/30/1998,1.1716
9/29/1998,1.173
9/28/1998,1.1678
9/25/1998,1.1787
9/24/1998,1.1684
9/23/1998,1.1587
9/22/1998,1.1596
9/21/1998,1.1678
9/18/1998,1.1589
9/17/1998,1.1695
9/16/1998,1.1563
9/15/1998,1.1627
9/14/1998,1.1526
9/11/1998,1.1631
9/10/1998,1.1525
9/9/1998,1.1306
9/8/1998,1.1361
9/7/1998,1.144
9/4/1998,1.1299
9/3/1998,1.1408
9/2/1998,1.1223
9/1/1998,1.126
8/31/1998,1.1142
8/28/1998,1.1013
8/27/1998,1.0919
8/26/1998,1.092
8/25/1998,1.0973
8/24/1998,1.0981
8/21/1998,1.0956
8/20/1998,1.0979
8/19/1998,1.0936
8/18/1998,1.0945
8/17/1998,1.0947
8/14/1998,1.1003
8/13/1998,1.1014
8/12/1998,1.1096
8/11/1998,1.1042
8/10/1998,1.1054
8/7/1998,1.1109
8/6/1998,1.1118
8/5/1998,1.1116
8/4/1998,1.1043
8/3/1998,1.1024
7/31/1998,1.1072
7/30/1998,1.1152
7/29/1998,1.1111
7/28/1998,1.1044
7/27/1998,1.1082
7/24/1998,1.1055
7/23/1998,1.0998
7/22/1998,1.1018
7/21/1998,1.1034
7/20/1998,1.1062
7/17/1998,1.1026
7/16/1998,1.1013
7/15/1998,1.0954
7/14/1998,1.0946
7/13/1998,1.0898
7/10/1998,1.0858
7/9/1998,1.0804
7/8/1998,1.0861
7/7/1998,1.0884
7/6/1998,1.0911
7/3/1998,1.088
7/2/1998,1.086
7/1/1998,1.0902
6/30/1998,1.0959
6/29/1998,1.0933
6/26/1998,1.0986
6/25/1998,1.0989
6/24/1998,1.0977
6/23/1998,1.1007
6/22/1998,1.0992
6/19/1998,1.1031
6/18/1998,1.1065
6/17/1998,1.1061
6/16/1998,1.0969
6/15/1998,1.0873
6/12/1998,1.0909
6/11/1998,1.0963
6/10/1998,1.1043
6/9/1998,1.1074
6/8/1998,1.1085
6/5/1998,1.1109
6/4/1998,1.1119
6/3/1998,1.1097
6/2/1998,1.1056
5/29/1998,1.1038
5/28/1998,1.1019
5/27/1998,1.1161
5/26/1998,1.111
5/25/1998,1.1139
5/22/1998,1.1155
5/20/1998,1.1064
5/19/1998,1.1039
5/18/1998,1.1013
5/15/1998,1.105
5/14/1998,1.107
5/13/1998,1.1058
5/12/1998,1.1093
5/11/1998,1.1099
5/8/1998,1.1102
5/7/1998,1.1175
5/6/1998,1.1133
5/5/1998,1.1139
5/4/1998,1.1063
4/30/1998,1.1005
4/29/1998,1.0978
4/28/1998,1.1018
4/27/1998,1.1018
4/24/1998,1.1001
4/23/1998,1.1022
4/22/1998,1.1019
4/21/1998,1.1031
4/20/1998,1.0948
4/17/1998,1.0974
4/16/1998,1.0938
4/15/1998,1.0972
4/14/1998,1.0905
4/9/1998,1.0869
4/8/1998,1.0812
4/7/1998,1.077
4/6/1998,1.0773
4/3/1998,1.0701
4/2/1998,1.0727
4/1/1998,1.0732
3/31/1998,1.0762
3/30/1998,1.0826
3/27/1998,1.0884
3/26/1998,1.0853
3/25/1998,1.0826
3/24/1998,1.0847
3/23/1998,1.0839
3/20/1998,1.0807
3/19/1998,1.083
3/18/1998,1.0865
3/17/1998,1.0871
3/16/1998,1.0871
3/13/1998,1.0845
3/12/1998,1.0809
3/11/1998,1.0775
3/10/1998,1.0804
3/9/1998,1.0818
3/6/1998,1.0792
3/5/1998,1.0917
3/4/1998,1.0883
3/3/1998,1.0888
3/2/1998,1.094
2/27/1998,1.09
2/26/1998,1.0869
2/25/1998,1.0938
2/24/1998,1.0967
2/23/1998,1.0871
2/20/1998,1.0859
2/19/1998,1.086
2/18/1998,1.0829
2/17/1998,1.086
2/16/1998,1.0863
2/13/1998,1.0827
2/12/1998,1.0885
2/11/1998,1.0833
2/10/1998,1.0889
2/9/1998,1.0885
2/6/1998,1.1003
2/5/1998,1.1002
2/4/1998,1.0908
2/3/1998,1.0853
2/2/1998,1.0789
1/30/1998,1.0835
1/29/1998,1.0918
1/28/1998,1.093
1/27/1998,1.1044
1/26/1998,1.1083
1/23/1998,1.0995
1/22/1998,1.095
1/21/1998,1.0792
1/20/1998,1.0761
1/19/1998,1.0753
1/16/1998,1.0795
1/15/1998,1.083
1/14/1998,1.0818
1/13/1998,1.0865
1/12/1998,1.0869
1/9/1998,1.0845
1/8/1998,1.0821
1/7/1998,1.0817
1/6/1998,1.0833
1/5/1998,1.0905
1/2/1998,1.0963
12/31/1997,1.1042
12/30/1997,1.1032
12/29/1997,1.1121
12/24/1997,1.1144
12/23/1997,1.1119
12/22/1997,1.1095
12/19/1997,1.1141
12/18/1997,1.1128
12/17/1997,1.1174
12/16/1997,1.106
12/15/1997,1.1111
12/12/1997,1.1175
12/11/1997,1.1105
12/10/1997,1.1081
12/9/1997,1.1046
12/8/1997,1.1061
12/5/1997,1.1149
12/4/1997,1.1162
12/3/1997,1.1172
12/2/1997,1.1173
12/1/1997,1.1141
11/28/1997,1.1213
11/27/1997,1.1204
11/26/1997,1.1258
11/25/1997,1.1339
11/24/1997,1.139
11/21/1997,1.13
11/20/1997,1.1421
11/19/1997,1.1399
11/18/1997,1.1417
11/17/1997,1.1353
11/14/1997,1.1411
11/13/1997,1.1451
11/12/1997,1.1525
11/11/1997,1.1555
11/10/1997,1.1466
11/7/1997,1.1558
11/6/1997,1.1436
11/5/1997,1.1398
11/4/1997,1.1454
11/3/1997,1.1325
10/31/1997,1.1428
10/30/1997,1.1477
10/29/1997,1.1327
10/28/1997,1.1418
10/27/1997,1.1185
10/24/1997,1.1076
10/23/1997,1.1117
10/22/1997,1.1056
10/21/1997,1.1077
10/20/1997,1.1108
10/17/1997,1.1166
10/16/1997,1.1241
10/15/1997,1.1211
10/14/1997,1.1202
10/13/1997,1.1207
10/10/1997,1.1248
10/9/1997,1.1267
10/8/1997,1.1182
10/7/1997,1.1224
10/6/1997,1.1169
10/3/1997,1.1059
10/2/1997,1.1122
10/1/1997,1.1108
9/30/1997,1.113
9/29/1997,1.1155
9/26/1997,1.1173
9/25/1997,1.1096
9/24/1997,1.1114
9/23/1997,1.0976
9/22/1997,1.0979
9/19/1997,1.1062
9/18/1997,1.1116
9/17/1997,1.1086
9/16/1997,1.1075
9/15/1997,1.1175
9/12/1997,1.1038
9/11/1997,1.0965
9/10/1997,1.09
9/9/1997,1.0859
9/8/1997,1.0904
9/5/1997,1.0845
9/4/1997,1.0806
9/3/1997,1.0821
9/2/1997,1.0826
9/1/1997,1.0879
8/29/1997,1.097
8/28/1997,1.0928
8/27/1997,1.0901
8/26/1997,1.0964
8/25/1997,1.0815
8/22/1997,1.0861
8/21/1997,1.0687
8/20/1997,1.0677
8/19/1997,1.077
8/18/1997,1.083
8/14/1997,1.0726
8/13/1997,1.0686
8/12/1997,1.0609
8/11/1997,1.0637
8/8/1997,1.0602
8/7/1997,1.0527
8/6/1997,1.0492
8/5/1997,1.0559
8/4/1997,1.0599
8/1/1997,1.0706
7/31/1997,1.0805
7/30/1997,1.0735
7/29/1997,1.0793
7/28/1997,1.0754
7/25/1997,1.081
7/24/1997,1.0825
7/23/1997,1.0865
7/22/1997,1.0943
7/21/1997,1.1031
7/18/1997,1.1005
7/17/1997,1.1028
7/16/1997,1.1053
7/15/1997,1.1043
7/14/1997,1.1061
7/11/1997,1.123
7/10/1997,1.1262
7/9/1997,1.1222
7/8/1997,1.1263
7/7/1997,1.1313
7/4/1997,1.1274
7/3/1997,1.1258
7/2/1997,1.1263
7/1/1997,1.1296
6/30/1997,1.13
6/27/1997,1.1363
6/26/1997,1.139
6/25/1997,1.1412
6/24/1997,1.1411
6/23/1997,1.1406
6/20/1997,1.1372
6/19/1997,1.135
6/18/1997,1.1369
6/17/1997,1.1319
6/16/1997,1.1336
6/13/1997,1.1344
6/12/1997,1.1368
6/11/1997,1.1414
6/10/1997,1.1426
6/9/1997,1.1421
6/6/1997,1.1277
6/5/1997,1.1346
6/4/1997,1.134
6/3/1997,1.1363
6/2/1997,1.1367
5/30/1997,1.1491
5/29/1997,1.1492
5/28/1997,1.1498
5/27/1997,1.1516
5/26/1997,1.158
5/23/1997,1.1552
5/22/1997,1.1565
5/21/1997,1.1607
5/20/1997,1.1543
5/16/1997,1.1528
5/15/1997,1.1581
5/14/1997,1.1479
5/13/1997,1.1499
5/12/1997,1.1526
5/9/1997,1.1496
5/7/1997,1.1405
5/6/1997,1.1336
5/5/1997,1.1331
5/2/1997,1.1351
4/30/1997,1.1349
4/29/1997,1.1318
4/28/1997,1.1322
4/25/1997,1.1405
4/24/1997,1.1391
4/23/1997,1.1421
4/22/1997,1.1468
4/21/1997,1.1487
4/18/1997,1.1418
4/17/1997,1.1363
4/16/1997,1.1367
4/15/1997,1.1334
4/14/1997,1.1388
4/11/1997,1.1374
4/10/1997,1.1422
4/9/1997,1.1407
4/8/1997,1.1425
4/7/1997,1.1501
4/4/1997,1.1668
4/3/1997,1.1687
4/2/1997,1.1686
4/1/1997,1.1704
3/27/1997,1.1617
3/26/1997,1.154
3/25/1997,1.1562
3/24/1997,1.1533
3/21/1997,1.1515
3/20/1997,1.161
3/19/1997,1.1567
3/18/1997,1.1545
3/17/1997,1.1538
3/14/1997,1.1433
3/13/1997,1.1508
3/12/1997,1.1444
3/11/1997,1.1444
3/10/1997,1.1443
3/7/1997,1.1395
3/6/1997,1.1379
3/5/1997,1.1408
3/4/1997,1.144
3/3/1997,1.1532
2/28/1997,1.1546
2/27/1997,1.1559
2/26/1997,1.1671
2/25/1997,1.1657
2/24/1997,1.165
2/21/1997,1.1595
2/20/1997,1.1576
2/19/1997,1.1534
2/18/1997,1.1477
2/17/1997,1.154
2/14/1997,1.1594
2/13/1997,1.1626
2/12/1997,1.1616
2/11/1997,1.1695
2/10/1997,1.1794
2/7/1997,1.1728
2/6/1997,1.1817
2/5/1997,1.1806
2/4/1997,1.1852
2/3/1997,1.1818
1/31/1997,1.1895
1/30/1997,1.1882
1/29/1997,1.1863
1/28/1997,1.1795
1/27/1997,1.1909
1/24/1997,1.1972
1/23/1997,1.1895
1/22/1997,1.1919
1/21/1997,1.2042
1/20/1997,1.2051
1/17/1997,1.2187
1/16/1997,1.2241
1/15/1997,1.2216
1/14/1997,1.2292
1/13/1997,1.2282
1/10/1997,1.236
1/9/1997,1.2369
1/8/1997,1.2387
1/7/1997,1.246
1/6/1997,1.2429
1/3/1997,1.2539
1/2/1997,1.2583
12/31/1996,1.253
12/30/1996,1.249
12/27/1996,1.2486
12/24/1996,1.2493
12/23/1996,1.251
12/20/1996,1.2473
12/19/1996,1.2481
12/18/1996,1.2506
12/17/1996,1.2524
12/16/1996,1.2476
12/13/1996,1.2586
12/12/1996,1.2536
12/11/1996,1.2548
12/10/1996,1.2475
12/9/1996,1.2476
12/6/1996,1.262
12/5/1996,1.242
12/4/1996,1.2426
12/3/1996,1.2419
12/2/1996,1.2578
11/29/1996,1.2626
11/28/1996,1.264
11/27/1996,1.2697
11/26/1996,1.2664
11/25/1996,1.2781
11/22/1996,1.2866
11/21/1996,1.2864
11/20/1996,1.2873
11/19/1996,1.2844
11/18/1996,1.2813
11/15/1996,1.2808
11/14/1996,1.2812
11/13/1996,1.2797
11/12/1996,1.2837
11/11/1996,1.2804
11/8/1996,1.2771
11/7/1996,1.2782
11/6/1996,1.2699
11/5/1996,1.274
11/4/1996,1.2734
11/1/1996,1.2699
10/31/1996,1.2734
10/30/1996,1.2759
10/29/1996,1.2723
10/28/1996,1.265
10/25/1996,1.2622
10/24/1996,1.2622
10/23/1996,1.2636
10/22/1996,1.2552
10/21/1996,1.2523
10/18/1996,1.2488
10/17/1996,1.2503
10/16/1996,1.2498
10/15/1996,1.2505
10/14/1996,1.256
10/11/1996,1.2571
10/10/1996,1.2544
10/9/1996,1.2556
10/8/1996,1.2584
10/7/1996,1.2548
10/4/1996,1.2542
10/3/1996,1.2545
10/2/1996,1.2586
10/1/1996,1.2583
9/30/1996,1.2559
9/27/1996,1.2581
9/26/1996,1.2595
9/25/1996,1.2694
9/24/1996,1.2654
9/23/1996,1.2627
9/20/1996,1.2625
9/19/1996,1.2664
9/18/1996,1.2645
9/17/1996,1.2646
9/16/1996,1.2635
9/13/1996,1.2637
9/12/1996,1.2628
9/11/1996,1.2662
9/10/1996,1.2703
9/9/1996,1.2798
9/6/1996,1.2831
9/5/1996,1.2848
9/4/1996,1.2823
9/3/1996,1.2806
9/2/1996,1.2841
8/30/1996,1.2835
8/29/1996,1.2867
8/28/1996,1.2867
8/27/1996,1.2888
8/26/1996,1.2875
8/23/1996,1.2806
8/22/1996,1.2757
8/21/1996,1.2822
8/20/1996,1.2772
8/19/1996,1.2779
8/16/1996,1.2772
8/14/1996,1.2816
8/13/1996,1.2856
8/12/1996,1.2864
8/9/1996,1.2842
8/8/1996,1.2802
8/7/1996,1.2813
8/6/1996,1.2813
8/5/1996,1.2884
8/2/1996,1.2852
8/1/1996,1.2902
7/31/1996,1.294
7/30/1996,1.2875
7/29/1996,1.2848
7/26/1996,1.2847
7/25/1996,1.291
7/24/1996,1.2834
7/23/1996,1.2851
7/22/1996,1.2805
7/19/1996,1.2783
7/18/1996,1.277
7/17/1996,1.2821
7/16/1996,1.2715
7/15/1996,1.2562
7/12/1996,1.2606
7/11/1996,1.2555
7/10/1996,1.2565
7/9/1996,1.2569
7/8/1996,1.2539
7/5/1996,1.257
7/4/1996,1.2607
7/3/1996,1.2542
7/2/1996,1.2552
7/1/1996,1.258
6/28/1996,1.2572
6/27/1996,1.2573
6/26/1996,1.2524
6/25/1996,1.2487
6/24/1996,1.2491
6/21/1996,1.2529
6/20/1996,1.2557
6/19/1996,1.2589
6/18/1996,1.2621
6/17/1996,1.2596
6/14/1996,1.2556
6/13/1996,1.2466
6/12/1996,1.246
6/11/1996,1.2476
6/10/1996,1.2458
6/7/1996,1.2527
6/6/1996,1.2535
6/5/1996,1.2494
6/4/1996,1.252
6/3/1996,1.2552
5/31/1996,1.2484
5/30/1996,1.252
5/29/1996,1.2375
5/28/1996,1.2376
5/24/1996,1.2397
5/23/1996,1.2388
5/22/1996,1.2408
5/21/1996,1.2414
5/20/1996,1.2449
5/17/1996,1.2478
5/15/1996,1.2457
5/14/1996,1.2455
5/13/1996,1.2474
5/10/1996,1.2587
5/9/1996,1.2589
5/8/1996,1.2533
5/7/1996,1.2522
5/6/1996,1.2519
5/3/1996,1.2491
5/2/1996,1.2422
4/30/1996,1.2496
4/29/1996,1.2566
4/26/1996,1.247
4/25/1996,1.2507
4/24/1996,1.2549
4/23/1996,1.256
4/22/1996,1.2575
4/19/1996,1.2681
4/18/1996,1.2611
4/17/1996,1.2612
4/16/1996,1.2612
4/15/1996,1.2596
4/12/1996,1.2662
4/11/1996,1.2657
4/10/1996,1.2677
4/9/1996,1.2741
4/4/1996,1.2805
4/3/1996,1.281
4/2/1996,1.28
4/1/1996,1.2794
3/29/1996,1.2835
3/28/1996,1.2815
3/27/1996,1.2747
3/26/1996,1.2822
3/25/1996,1.2822
3/22/1996,1.2803
3/21/1996,1.2826
3/20/1996,1.2854
3/19/1996,1.2806
3/18/1996,1.2843
3/15/1996,1.284
3/14/1996,1.2856
3/13/1996,1.2853
3/12/1996,1.2762
3/11/1996,1.2774
3/8/1996,1.28
3/7/1996,1.2772
3/6/1996,1.2815
3/5/1996,1.2801
3/4/1996,1.2842
3/1/1996,1.2796
2/29/1996,1.2852
2/28/1996,1.2975
2/27/1996,1.3007
2/26/1996,1.304
2/23/1996,1.2961
2/22/1996,1.299
2/21/1996,1.2959
2/20/1996,1.2981
2/19/1996,1.3041
2/16/1996,1.2885
2/15/1996,1.2861
2/14/1996,1.2849
2/13/1996,1.2809
2/12/1996,1.282
2/9/1996,1.2845
2/8/1996,1.2805
2/7/1996,1.2815
2/6/1996,1.2863
2/5/1996,1.2813
2/2/1996,1.2717
2/1/1996,1.2719
1/31/1996,1.2667
1/30/1996,1.2692
1/29/1996,1.2651
1/26/1996,1.2689
1/25/1996,1.2779
1/24/1996,1.2712
1/23/1996,1.2801
1/22/1996,1.2764
1/19/1996,1.2807
1/18/1996,1.2862
1/17/1996,1.2919
1/16/1996,1.2966
1/15/1996,1.3057
1/12/1996,1.3052
1/11/1996,1.3121
1/10/1996,1.3102
1/9/1996,1.3058
1/8/1996,1.3098
1/5/1996,1.3079
1/4/1996,1.3038
1/3/1996,1.3113
1/2/1996,1.3176
12/29/1995,1.3142
12/28/1995,1.314
12/27/1995,1.3117
12/22/1995,1.3045
12/21/1995,1.3061
12/20/1995,1.3044
12/19/1995,1.309
12/18/1995,1.3068
12/15/1995,1.3021
12/14/1995,1.2982
12/13/1995,1.2945
12/12/1995,1.299
12/11/1995,1.3013
12/8/1995,1.2979
12/7/1995,1.3045
12/6/1995,1.3049
12/5/1995,1.3076
12/4/1995,1.3054
12/1/1995,1.296
11/30/1995,1.3059
11/29/1995,1.3078
11/28/1995,1.3107
11/27/1995,1.3168
11/24/1995,1.3255
11/23/1995,1.3276
11/22/1995,1.3292
11/21/1995,1.3284
11/20/1995,1.3233
11/17/1995,1.3344
11/16/1995,1.3321
11/15/1995,1.3338
11/14/1995,1.3218
11/13/1995,1.329
11/10/1995,1.3282
11/9/1995,1.3212
11/8/1995,1.3265
11/7/1995,1.325
11/6/1995,1.328
11/3/1995,1.3202
11/2/1995,1.3219
11/1/1995,1.3265
10/31/1995,1.3269
10/30/1995,1.3284
10/27/1995,1.3409
10/26/1995,1.3338
10/25/1995,1.3335
10/24/1995,1.3394
10/23/1995,1.3392
10/20/1995,1.3266
10/19/1995,1.3198
10/18/1995,1.3149
10/17/1995,1.3167
10/16/1995,1.3192
10/13/1995,1.3149
10/12/1995,1.3183
10/11/1995,1.3143
10/10/1995,1.3184
10/9/1995,1.3215
10/6/1995,1.3193
10/5/1995,1.3105
10/4/1995,1.309
10/3/1995,1.3099
10/2/1995,1.3122
9/29/1995,1.3185
9/28/1995,1.3205
9/27/1995,1.3146
9/26/1995,1.3067
9/25/1995,1.3151
9/22/1995,1.3158
9/21/1995,1.2993
9/20/1995,1.2753
9/19/1995,1.2702
9/18/1995,1.2711
9/15/1995,1.2685
9/14/1995,1.2712
9/13/1995,1.2734
9/12/1995,1.2796
9/11/1995,1.2834
9/8/1995,1.2717
9/7/1995,1.2767
9/6/1995,1.2761
9/5/1995,1.2849
9/4/1995,1.2893
9/1/1995,1.2831
8/31/1995,1.2864
8/30/1995,1.2766
8/29/1995,1.283
8/28/1995,1.2894
8/25/1995,1.2789
8/24/1995,1.2661
8/23/1995,1.2745
8/22/1995,1.2724
8/21/1995,1.2807
8/18/1995,1.2802
8/17/1995,1.2722
8/16/1995,1.281
8/15/1995,1.3014
8/14/1995,1.3127
8/11/1995,1.3142
8/10/1995,1.3326
8/9/1995,1.3335
8/8/1995,1.3331
8/7/1995,1.3411
8/4/1995,1.344
8/3/1995,1.3466
8/2/1995,1.3498
8/1/1995,1.3512
7/31/1995,1.3573
7/28/1995,1.351
7/27/1995,1.3503
7/26/1995,1.3436
7/25/1995,1.349
7/24/1995,1.35
7/21/1995,1.347
7/20/1995,1.3522
7/19/1995,1.3458
7/18/1995,1.3421
7/17/1995,1.3391
7/14/1995,1.3451
7/13/1995,1.3319
7/12/1995,1.332
7/11/1995,1.3333
7/10/1995,1.3389
7/7/1995,1.3465
7/6/1995,1.3478
7/5/1995,1.3448
7/4/1995,1.3475
7/3/1995,1.3462
6/30/1995,1.343
6/29/1995,1.3361
6/28/1995,1.3394
6/27/1995,1.3435
6/26/1995,1.3434
6/23/1995,1.337
6/22/1995,1.346
6/21/1995,1.3381
6/20/1995,1.338
6/19/1995,1.3341
6/16/1995,1.328
6/15/1995,1.3248
6/14/1995,1.328
6/13/1995,1.3319
6/12/1995,1.3263
6/9/1995,1.3306
6/8/1995,1.3191
6/7/1995,1.3226
6/6/1995,1.3209
6/2/1995,1.3236
6/1/1995,1.3059
5/31/1995,1.3432
5/30/1995,1.3398
5/29/1995,1.3402
5/26/1995,1.3439
5/24/1995,1.2883
5/23/1995,1.2939
5/22/1995,1.2874
5/19/1995,1.295
5/18/1995,1.2893
5/17/1995,1.2998
5/16/1995,1.2898
5/15/1995,1.2967
5/12/1995,1.2969
5/11/1995,1.3209
5/10/1995,1.3443
5/9/1995,1.3507
5/8/1995,1.354
5/5/1995,1.3472
5/4/1995,1.3463
5/3/1995,1.3447
5/2/1995,1.3423
4/28/1995,1.3392
4/27/1995,1.3434
4/26/1995,1.3388
4/25/1995,1.3534
4/24/1995,1.3522
4/21/1995,1.3364
4/20/1995,1.3463
4/19/1995,1.3542
4/18/1995,1.3558
4/13/1995,1.3296
4/12/1995,1.3265
4/11/1995,1.3205
4/10/1995,1.327
4/7/1995,1.3458
4/6/1995,1.3451
4/5/1995,1.3481
4/4/1995,1.3387
4/3/1995,1.3447
3/31/1995,1.3394
3/30/1995,1.318
3/29/1995,1.339
3/28/1995,1.323
3/27/1995,1.3117
3/24/1995,1.315
3/23/1995,1.3186
3/22/1995,1.3107
3/21/1995,1.3192
3/20/1995,1.315
3/17/1995,1.3247
3/16/1995,1.333
3/15/1995,1.3115
3/14/1995,1.3123
3/13/1995,1.3143
3/10/1995,1.3085
3/9/1995,1.3269
3/8/1995,1.3395
3/7/1995,1.3303
3/6/1995,1.3288
3/3/1995,1.2919
3/2/1995,1.2823
3/1/1995,1.279
2/28/1995,1.2791
2/27/1995,1.2827
2/24/1995,1.2786
2/23/1995,1.2772
2/22/1995,1.2738
2/21/1995,1.2756
2/20/1995,1.2789
2/17/1995,1.271
2/16/1995,1.2653
2/15/1995,1.2554
2/14/1995,1.2464
2/13/1995,1.2491
2/10/1995,1.2407
2/9/1995,1.2401
2/8/1995,1.2385
2/7/1995,1.239
2/6/1995,1.2391
2/3/1995,1.2486
2/2/1995,1.2503
2/1/1995,1.2446
1/31/1995,1.2558
1/30/1995,1.2538
1/27/1995,1.2513
1/26/1995,1.2525
1/25/1995,1.2607
1/24/1995,1.2583
1/23/1995,1.2547
1/20/1995,1.2535
1/19/1995,1.239
1/18/1995,1.2438
1/17/1995,1.2426
1/16/1995,1.2385
1/13/1995,1.2375
1/12/1995,1.236
1/11/1995,1.2359
1/10/1995,1.2358
1/9/1995,1.222
1/6/1995,1.2283
1/5/1995,1.2264
1/4/1995,1.2235
1/3/1995,1.2248
1/2/1995,1.2232
12/30/1994,1.23
12/29/1994,1.2245
12/28/1994,1.2112
12/27/1994,1.2104
12/23/1994,1.2111
12/22/1994,1.209
12/21/1994,1.2153
12/20/1994,1.2153
12/19/1994,1.2122
12/16/1994,1.2165
12/15/1994,1.2156
12/14/1994,1.2149
12/13/1994,1.2139
12/12/1994,1.2133
12/9/1994,1.2119
12/8/1994,1.2143
12/7/1994,1.2206
12/6/1994,1.2202
12/5/1994,1.2149
12/2/1994,1.2162
12/1/1994,1.2214
11/30/1994,1.2193
11/29/1994,1.2249
11/28/1994,1.2219
11/25/1994,1.2269
11/24/1994,1.2274
11/23/1994,1.2349
11/22/1994,1.2333
11/21/1994,1.2265
11/18/1994,1.2301
11/17/1994,1.2352
11/16/1994,1.2304
11/15/1994,1.2415
11/14/1994,1.2406
11/11/1994,1.2516
11/10/1994,1.2544
11/9/1994,1.2518
11/8/1994,1.2648
11/7/1994,1.2647
11/4/1994,1.2578
11/3/1994,1.2644
11/2/1994,1.28
11/1/1994,1.2793
10/31/1994,1.2678
10/28/1994,1.2821
10/27/1994,1.2815
10/26/1994,1.281
10/25/1994,1.2844
10/24/1994,1.2761
10/21/1994,1.2833
10/20/1994,1.2748
10/19/1994,1.2748
10/18/1994,1.2749
10/17/1994,1.2719
10/14/1994,1.2589
10/13/1994,1.2428
10/12/1994,1.2429
10/11/1994,1.2412
10/10/1994,1.2387
10/7/1994,1.2456
10/6/1994,1.2424
10/5/1994,1.2432
10/4/1994,1.2382
10/3/1994,1.2328
